Workbook

Sheet DISTRIBUIÇÃO NF4267
A1: NF 4267
A2: xxxxx | J2: pack | K2: pç | L2: pack | M2: pç | N2: pack | O2: pç | P2: pack | Q2: pç | R2: pack | S2: pç | T2: pack | U2: pç | V2: pack | W2: pç | X2: pack | Y2: pç | Z2: pack | AA2: pç | AB2: pack | AC2: pç | AD2: pack | AE2: pç | AF2: pack | AG2: pç | AH2: pack | AI2: pç | AJ2: pack | AK2: pç | AL2: pack | AM2: pç | AN2: pack | AO2: pç | AP2: pack | AQ2: pç | AR2: pack | AS2: pç | AT2: pack | AU2: pç | AV2: pack | AW2: pç | AX2: pack | AY2: pç | AZ2: pack | BA2: pç | BB2: pack | BC2: pç | BD2: pack | BE2: pç | BF2: pack | BG2: pç | BH2: pack | BI2: pç | BJ2: pack | BK2: pç | BL2: pack | BM2: pç | BN2: pack | BO2: pç | BP2: pack | BQ2: pç | BR2: pack | BS2: pç | BT2: pack | BU2: pç | BV2: pack | BW2: pç | BX2: pack | BY2: pç | BZ2: pack | CA2: pç | CB2: pack | CC2: pç | CD2: pack | CE2: pç | CF2: pack | CG2: pç | CH2: pack | CI2: pç | CJ2: pack | CK2: pç | CL2: pack | CM2: pç | CN2: pack | CO2: pç | CP2: pack | CQ2: pç | CR2: pack | CS2: pç | CT2: pack | CU2: pç | CV2: pack | CW2: pç | CX2: pack | CY2: pç | CZ2: pack | DA2: pç | DB2: pack | DC2: pç | DD2: pack | DE2: pç | DF2: pack | DG2: pç | DH2: pack | DI2: pç | DJ2: pack | DK2: pç | DL2: pack | DM2: pç | DN2: pack | DO2: pç | DP2: pack | DQ2: pç | DR2: pack | DS2: pç | DT2: pack | DU2: pç | DV2: pack | DW2: pç | DX2: pack | DY2: pç | DZ2: pack | EA2: pç | EB2: pack | EC2: pç | ED2: pack | EE2: pç | EF2: pack | EG2: pç | EH2: pack | EI2: pç | EJ2: pack | EK2: pç | EL2: pack | EM2: pç | EN2: pack | EO2: pç | EP2: pack | EQ2: pç | ER2: pack | ES2: pç | ET2: pack | EU2: pç | EV2: pack | EW2: pç | EX2: pack | EY2: pç | EZ2: pack | FA2: pç | FB2: pack | FC2: pç | FD2: pack | FE2: pç | FF2: pack | FG2: pç | FH2: pack | FI2: pç | FJ2: pack | FK2: pç | FL2: pack | FM2: pç | FN2: pack | FO2: pç | FP2: pack | FQ2: pç
A3: DESCRIÇÃO | B3: REFERÊNCIA | C3: COR | D3: DESC COR | E3: SKU | F3: TAMANHO | G3: PROPORÇÃO | H3: QT. PACKS | I3: QTDE | J3: 43 | L3: 44 | N3: 24 | P3: BA | R3: 35 | T3: 25 | V3: 48 | X3: I2 | Z3: J5 | AB3: 88 | AD3: 58 | AF3: P1 | AH3: 23 | AJ3: 56 | AL3: I6 | AN3: 28 | AP3: P4 | AR3: BY | AT3: 46 | AV3: 19 | AX3: BX | AZ3: 82 | BB3: 63 | BD3: 33 | BF3: J4 | BH3: J1 | BJ3: 89 | BL3: B0 | BN3: 61 | BP3: O9 | BR3: W3 | BT3: J8 | BV3: J9 | BX3: B3 | BZ3: O2 | CB3: 37 | CD3: O3 | CF3: B2 | CH3: 65 | CJ3: 66 | CL3: AQ | CN3: EX | CP3: 10 | CR3: 50 | CT3: DK | CV3: S7 | CX3: W6 | CZ3: J7 | DB3: 12 | DD3: 85 | DF3: 13 | DH3: EL | DJ3: CF | DL3: B4 | DN3: O7 | DP3: IB | DR3: II | DT3: I9 | DV3: IE | DX3: I0 | DZ3: IJ | EB3: 62 | ED3: Q1 | EF3: N1 | EH3: J3 | EJ3: Q2 | EL3: S5 | EN3: Q3 | EP3: KH | ER3: Q4 | ET3: GX | EV3: 93 | EX3: R1 | EZ3: X6 | FB3: DX | FD3: R3 | FF3: R2 | FH3: GJ | FJ3: KD | FL3: KK | FN3: KR | FP3: KW
A4: CAMISA LISTRAS BRANCAS | B4: 913 | C4: 6D | D4: LISTRA BRANCA | E4: 109130016D1 | F4: 1 | G4: 0 | H4: 320 | I4: =G4*$H$4 -> 0 | J4: 2 | K4: =J4*$G$4 -> 0 | L4: 2 | M4: =L4*$G$4 -> 0 | N4: 2 | O4: =N4*$G$4 -> 0 | P4: 2 | Q4: =P4*$G$4 -> 0 | R4: 2 | S4: =R4*$G$4 -> 0 | T4: 2 | U4: =T4*$G$4 -> 0 | V4: 2 | W4: =V4*$G$4 -> 0 | X4: 2 | Y4: =X4*$G$4 -> 0 | Z4: 2 | AA4: =Z4*$G$4 -> 0 | AB4: 2 | AC4: =AB4*$G$4 -> 0 | AD4: 2 | AE4: =AD4*$G$4 -> 0 | AF4: 2 | AG4: =AF4*$G$4 -> 0 | AH4: 2 | AI4: =AH4*$G$4 -> 0 | AJ4: 2 | AK4: =AJ4*$G$4 -> 0 | AL4: 2 | AM4: =AL4*$G$4 -> 0 | AN4: 2 | AO4: =AN4*$G$4 -> 0 | AP4: 2 | AQ4: =AP4*$G$4 -> 0 | AR4: 2 | AS4: =AR4*$G$4 -> 0 | AT4: 2 | AU4: =AT4*$G$4 -> 0 | AV4: 2 | AW4: =AV4*$G$4 -> 0 | AX4: 2 | AY4: =AX4*$G$4 -> 0 | AZ4: 2 | BA4: =AZ4*$G$4 -> 0 | BB4: 2 | BC4: =BB4*$G$4 -> 0 | BD4: 2 | BE4: =BD4*$G$4 -> 0 | BF4: 2 | BG4: =BF4*$G$4 -> 0 | BH4: 2 | BI4: =BH4*$G$4 -> 0 | BJ4: 2 | BK4: =BJ4*$G$4 -> 0 | BL4: 2 | BM4: =BL4*$G$4 -> 0 | BN4: 2 | BO4: =BN4*$G$4 -> 0 | BP4: 2 | BQ4: =BP4*$G$4 -> 0 | BR4: 2 | BS4: =BR4*$G$4 -> 0 | BT4: 2 | BU4: =BT4*$G$4 -> 0 | BV4: 2 | BW4: =BV4*$G$4 -> 0 | BX4: 2 | BY4: =BX4*$G$4 -> 0 | BZ4: 2 | CA4: =BZ4*$G$4 -> 0 | CB4: 2 | CC4: =CB4*$G$4 -> 0 | CD4: 2 | CE4: =CD4*$G$4 -> 0 | CF4: 2 | CG4: =CF4*$G$4 -> 0 | CH4: 2 | CI4: =CH4*$G$4 -> 0 | CJ4: 2 | CK4: =CJ4*$G$4 -> 0 | CL4: 2 | CM4: =CL4*$G$4 -> 0 | CN4: 2 | CO4: =CN4*$G$4 -> 0 | CP4: 2 | CQ4: =CP4*$G$4 -> 0 | CR4: 2 | CS4: =CR4*$G$4 -> 0 | CT4: 2 | CU4: =CT4*$G$4 -> 0 | CV4: 2 | CW4: =CV4*$G$4 -> 0 | CX4: 2 | CY4: =CX4*$G$4 -> 0 | CZ4: 2 | DA4: =CZ4*$G$4 -> 0 | DB4: 2 | DC4: =DB4*$G$4 -> 0 | DD4: 2 | DE4: =DD4*$G$4 -> 0 | DF4: 2 | DG4: =DF4*$G$4 -> 0 | DH4: 2 | DI4: =DH4*$G$4 -> 0 | DJ4: 2 | DK4: =DJ4*$G$4 -> 0 | DL4: 2 | DM4: =DL4*$G$4 -> 0 | DN4: 2 | DO4: =DN4*$G$4 -> 0 | DP4: 2 | DQ4: =DP4*$G$4 -> 0 | DR4: 2 | DS4: =DR4*$G$4 -> 0 | DT4: 2 | DU4: =DT4*$G$4 -> 0 | DV4: 2 | DW4: =DV4*$G$4 -> 0 | DX4: 2 | DY4: =DX4*$G$4 -> 0 | DZ4: 2 | EA4: =DZ4*$G$4 -> 0 | EB4: 2 | EC4: =EB4*$G$4 -> 0 | ED4: 2 | EE4: =ED4*$G$4 -> 0 | EF4: 2 | EG4: =EF4*$G$4 -> 0 | EH4: 2 | EI4: =EH4*$G$4 -> 0 | EJ4: 2 | EK4: =EJ4*$G$4 -> 0 | EL4: 2 | EM4: =EL4*$G$4 -> 0 | EN4: 2 | EO4: =EN4*$G$4 -> 0 | EP4: 2 | EQ4: =EP4*$G$4 -> 0 | ER4: 2 | ES4: =ER4*$G$4 -> 0 | ET4: 2 | EU4: =ET4*$G$4 -> 0 | EV4: 2 | EW4: =EV4*$G$4 -> 0 | EX4: 2 | EY4: =EX4*$G$4 -> 0 | EZ4: 2 | FA4: =EZ4*$G$4 -> 0 | FB4: 2 | FC4: =FB4*$G$4 -> 0 | FD4: 2 | FE4: =FD4*$G$4 -> 0 | FF4: 2 | FG4: =FF4*$G$4 -> 0 | FH4: 2 | FI4: =FH4*$G$4 -> 0 | FJ4: 2 | FK4: =FJ4*$G$4 -> 0 | FL4: 2 | FM4: =FL4*$G$4 -> 0 | FN4: 2 | FO4: =FN4*$G$4 -> 0 | FP4: 2 | FQ4: =FP4*$G$4 -> 0
A5: CAMISA LISTRAS BRANCAS | B5: 913 | C5: 6D | D5: LISTRA BRANCA | E5: 109130016D2 | F5: 2 | G5: 2 | I5: =G5*$H$4 -> 640 | K5: =J4*$G$5 -> 4 | M5: =L4*$G$5 -> 4 | O5: =N4*$G$5 -> 4 | Q5: =P4*$G$5 -> 4 | S5: =R4*$G$5 -> 4 | U5: =T4*$G$5 -> 4 | W5: =V4*$G$5 -> 4 | Y5: =X4*$G$5 -> 4 | AA5: =Z4*$G$5 -> 4 | AC5: =AB4*$G$5 -> 4 | AE5: =AD4*$G$5 -> 4 | AG5: =AF4*$G$5 -> 4 | AI5: =AH4*$G$5 -> 4 | AK5: =AJ4*$G$5 -> 4 | AM5: =AL4*$G$5 -> 4 | AO5: =AN4*$G$5 -> 4 | AQ5: =AP4*$G$5 -> 4 | AS5: =AR4*$G$5 -> 4 | AU5: =AT4*$G$5 -> 4 | AW5: =AV4*$G$5 -> 4 | AY5: =AX4*$G$5 -> 4 | BA5: =AZ4*$G$5 -> 4 | BC5: =BB4*$G$5 -> 4 | BE5: =BD4*$G$5 -> 4 | BG5: =BF4*$G$5 -> 4 | BI5: =BH4*$G$5 -> 4 | BK5: =BJ4*$G$5 -> 4 | BM5: =BL4*$G$5 -> 4 | BO5: =BN4*$G$5 -> 4 | BQ5: =BP4*$G$5 -> 4 | BS5: =BR4*$G$5 -> 4 | BU5: =BT4*$G$5 -> 4 | BW5: =BV4*$G$5 -> 4 | BY5: =BX4*$G$5 -> 4 | CA5: =BZ4*$G$5 -> 4 | CC5: =CB4*$G$5 -> 4 | CE5: =CD4*$G$5 -> 4 | CG5: =CF4*$G$5 -> 4 | CI5: =CH4*$G$5 -> 4 | CK5: =CJ4*$G$5 -> 4 | CM5: =CL4*$G$5 -> 4 | CO5: =CN4*$G$5 -> 4 | CQ5: =CP4*$G$5 -> 4 | CS5: =CR4*$G$5 -> 4 | CU5: =CT4*$G$5 -> 4 | CW5: =CV4*$G$5 -> 4 | CY5: =CX4*$G$5 -> 4 | DA5: =CZ4*$G$5 -> 4 | DC5: =DB4*$G$5 -> 4 | DE5: =DD4*$G$5 -> 4 | DG5: =DF4*$G$5 -> 4 | DI5: =DH4*$G$5 -> 4 | DK5: =DJ4*$G$5 -> 4 | DM5: =DL4*$G$5 -> 4 | DO5: =DN4*$G$5 -> 4 | DQ5: =DP4*$G$5 -> 4 | DS5: =DR4*$G$5 -> 4 | DU5: =DT4*$G$5 -> 4 | DW5: =DV4*$G$5 -> 4 | DY5: =DX4*$G$5 -> 4 | EA5: =DZ4*$G$5 -> 4 | EC5: =EB4*$G$5 -> 4 | EE5: =ED4*$G$5 -> 4 | EG5: =EF4*$G$5 -> 4 | EI5: =EH4*$G$5 -> 4 | EK5: =EJ4*$G$5 -> 4 | EM5: =EL4*$G$5 -> 4 | EO5: =EN4*$G$5 -> 4 | EQ5: =EP4*$G$5 -> 4 | ES5: =ER4*$G$5 -> 4 | EU5: =ET4*$G$5 -> 4 | EW5: =EV4*$G$5 -> 4 | EY5: =EX4*$G$5 -> 4 | FA5: =EZ4*$G$5 -> 4 | FC5: =FB4*$G$5 -> 4 | FE5: =FD4*$G$5 -> 4 | FG5: =FF4*$G$5 -> 4 | FI5: =FH4*$G$5 -> 4 | FK5: =FJ4*$G$5 -> 4 | FM5: =FL4*$G$5 -> 4 | FO5: =FN4*$G$5 -> 4 | FQ5: =FP4*$G$5 -> 4
A6: CAMISA LISTRAS BRANCAS | B6: 913 | C6: 6D | D6: LISTRA BRANCA | E6: 109130016D3 | F6: 3 | G6: 4 | I6: =G6*$H$4 -> 1280 | K6: =J4*$G$6 -> 8 | M6: =L4*$G$6 -> 8 | O6: =N4*$G$6 -> 8 | Q6: =P4*$G$6 -> 8 | S6: =R4*$G$6 -> 8 | U6: =T4*$G$6 -> 8 | W6: =V4*$G$6 -> 8 | Y6: =X4*$G$6 -> 8 | AA6: =Z4*$G$6 -> 8 | AC6: =AB4*$G$6 -> 8 | AE6: =AD4*$G$6 -> 8 | AG6: =AF4*$G$6 -> 8 | AI6: =AH4*$G$6 -> 8 | AK6: =AJ4*$G$6 -> 8 | AM6: =AL4*$G$6 -> 8 | AO6: =AN4*$G$6 -> 8 | AQ6: =AP4*$G$6 -> 8 | AS6: =AR4*$G$6 -> 8 | AU6: =AT4*$G$6 -> 8 | AW6: =AV4*$G$6 -> 8 | AY6: =AX4*$G$6 -> 8 | BA6: =AZ4*$G$6 -> 8 | BC6: =BB4*$G$6 -> 8 | BE6: =BD4*$G$6 -> 8 | BG6: =BF4*$G$6 -> 8 | BI6: =BH4*$G$6 -> 8 | BK6: =BJ4*$G$6 -> 8 | BM6: =BL4*$G$6 -> 8 | BO6: =BN4*$G$6 -> 8 | BQ6: =BP4*$G$6 -> 8 | BS6: =BR4*$G$6 -> 8 | BU6: =BT4*$G$6 -> 8 | BW6: =BV4*$G$6 -> 8 | BY6: =BX4*$G$6 -> 8 | CA6: =BZ4*$G$6 -> 8 | CC6: =CB4*$G$6 -> 8 | CE6: =CD4*$G$6 -> 8 | CG6: =CF4*$G$6 -> 8 | CI6: =CH4*$G$6 -> 8 | CK6: =CJ4*$G$6 -> 8 | CM6: =CL4*$G$6 -> 8 | CO6: =CN4*$G$6 -> 8 | CQ6: =CP4*$G$6 -> 8 | CS6: =CR4*$G$6 -> 8 | CU6: =CT4*$G$6 -> 8 | CW6: =CV4*$G$6 -> 8 | CY6: =CX4*$G$6 -> 8 | DA6: =CZ4*$G$6 -> 8 | DC6: =DB4*$G$6 -> 8 | DE6: =DD4*$G$6 -> 8 | DG6: =DF4*$G$6 -> 8 | DI6: =DH4*$G$6 -> 8 | DK6: =DJ4*$G$6 -> 8 | DM6: =DL4*$G$6 -> 8 | DO6: =DN4*$G$6 -> 8 | DQ6: =DP4*$G$6 -> 8 | DS6: =DR4*$G$6 -> 8 | DU6: =DT4*$G$6 -> 8 | DW6: =DV4*$G$6 -> 8 | DY6: =DX4*$G$6 -> 8 | EA6: =DZ4*$G$6 -> 8 | EC6: =EB4*$G$6 -> 8 | EE6: =ED4*$G$6 -> 8 | EG6: =EF4*$G$6 -> 8 | EI6: =EH4*$G$6 -> 8 | EK6: =EJ4*$G$6 -> 8 | EM6: =EL4*$G$6 -> 8 | EO6: =EN4*$G$6 -> 8 | EQ6: =EP4*$G$6 -> 8 | ES6: =ER4*$G$6 -> 8 | EU6: =ET4*$G$6 -> 8 | EW6: =EV4*$G$6 -> 8 | EY6: =EX4*$G$6 -> 8 | FA6: =EZ4*$G$6 -> 8 | FC6: =FB4*$G$6 -> 8 | FE6: =FD4*$G$6 -> 8 | FG6: =FF4*$G$6 -> 8 | FI6: =FH4*$G$6 -> 8 | FK6: =FJ4*$G$6 -> 8 | FM6: =FL4*$G$6 -> 8 | FO6: =FN4*$G$6 -> 8 | FQ6: =FP4*$G$6 -> 8
A7: CAMISA LISTRAS BRANCAS | B7: 913 | C7: 6D | D7: LISTRA BRANCA | E7: 109130016D4 | F7: 4 | G7: 2 | I7: =G7*$H$4 -> 640 | K7: =J4*$G$7 -> 4 | M7: =L4*$G$7 -> 4 | O7: =N4*$G$7 -> 4 | Q7: =P4*$G$7 -> 4 | S7: =R4*$G$7 -> 4 | U7: =T4*$G$7 -> 4 | W7: =V4*$G$7 -> 4 | Y7: =X4*$G$7 -> 4 | AA7: =Z4*$G$7 -> 4 | AC7: =AB4*$G$7 -> 4 | AE7: =AD4*$G$7 -> 4 | AG7: =AF4*$G$7 -> 4 | AI7: =AH4*$G$7 -> 4 | AK7: =AJ4*$G$7 -> 4 | AM7: =AL4*$G$7 -> 4 | AO7: =AN4*$G$7 -> 4 | AQ7: =AP4*$G$7 -> 4 | AS7: =AR4*$G$7 -> 4 | AU7: =AT4*$G$7 -> 4 | AW7: =AV4*$G$7 -> 4 | AY7: =AX4*$G$7 -> 4 | BA7: =AZ4*$G$7 -> 4 | BC7: =BB4*$G$7 -> 4 | BE7: =BD4*$G$7 -> 4 | BG7: =BF4*$G$7 -> 4 | BI7: =BH4*$G$7 -> 4 | BK7: =BJ4*$G$7 -> 4 | BM7: =BL4*$G$7 -> 4 | BO7: =BN4*$G$7 -> 4 | BQ7: =BP4*$G$7 -> 4 | BS7: =BR4*$G$7 -> 4 | BU7: =BT4*$G$7 -> 4 | BW7: =BV4*$G$7 -> 4 | BY7: =BX4*$G$7 -> 4 | CA7: =BZ4*$G$7 -> 4 | CC7: =CB4*$G$7 -> 4 | CE7: =CD4*$G$7 -> 4 | CG7: =CF4*$G$7 -> 4 | CI7: =CH4*$G$7 -> 4 | CK7: =CJ4*$G$7 -> 4 | CM7: =CL4*$G$7 -> 4 | CO7: =CN4*$G$7 -> 4 | CQ7: =CP4*$G$7 -> 4 | CS7: =CR4*$G$7 -> 4 | CU7: =CT4*$G$7 -> 4 | CW7: =CV4*$G$7 -> 4 | CY7: =CX4*$G$7 -> 4 | DA7: =CZ4*$G$7 -> 4 | DC7: =DB4*$G$7 -> 4 | DE7: =DD4*$G$7 -> 4 | DG7: =DF4*$G$7 -> 4 | DI7: =DH4*$G$7 -> 4 | DK7: =DJ4*$G$7 -> 4 | DM7: =DL4*$G$7 -> 4 | DO7: =DN4*$G$7 -> 4 | DQ7: =DP4*$G$7 -> 4 | DS7: =DR4*$G$7 -> 4 | DU7: =DT4*$G$7 -> 4 | DW7: =DV4*$G$7 -> 4 | DY7: =DX4*$G$7 -> 4 | EA7: =DZ4*$G$7 -> 4 | EC7: =EB4*$G$7 -> 4 | EE7: =ED4*$G$7 -> 4 | EG7: =EF4*$G$7 -> 4 | EI7: =EH4*$G$7 -> 4 | EK7: =EJ4*$G$7 -> 4 | EM7: =EL4*$G$7 -> 4 | EO7: =EN4*$G$7 -> 4 | EQ7: =EP4*$G$7 -> 4 | ES7: =ER4*$G$7 -> 4 | EU7: =ET4*$G$7 -> 4 | EW7: =EV4*$G$7 -> 4 | EY7: =EX4*$G$7 -> 4 | FA7: =EZ4*$G$7 -> 4 | FC7: =FB4*$G$7 -> 4 | FE7: =FD4*$G$7 -> 4 | FG7: =FF4*$G$7 -> 4 | FI7: =FH4*$G$7 -> 4 | FK7: =FJ4*$G$7 -> 4 | FM7: =FL4*$G$7 -> 4 | FO7: =FN4*$G$7 -> 4 | FQ7: =FP4*$G$7 -> 4
A8: CAMISA LISTRAS BRANCAS | B8: 913 | C8: 6D | D8: LISTRA BRANCA | E8: 109130016D5 | F8: 5 | G8: 2 | I8: =G8*$H$4 -> 640 | K8: =J4*$G$8 -> 4 | M8: =L4*$G$8 -> 4 | O8: =N4*$G$8 -> 4 | Q8: =P4*$G$8 -> 4 | S8: =R4*$G$8 -> 4 | U8: =T4*$G$8 -> 4 | W8: =V4*$G$8 -> 4 | Y8: =X4*$G$8 -> 4 | AA8: =Z4*$G$8 -> 4 | AC8: =AB4*$G$8 -> 4 | AE8: =AD4*$G$8 -> 4 | AG8: =AF4*$G$8 -> 4 | AI8: =AH4*$G$8 -> 4 | AK8: =AJ4*$G$8 -> 4 | AM8: =AL4*$G$8 -> 4 | AO8: =AN4*$G$8 -> 4 | AQ8: =AP4*$G$8 -> 4 | AS8: =AR4*$G$8 -> 4 | AU8: =AT4*$G$8 -> 4 | AW8: =AV4*$G$8 -> 4 | AY8: =AX4*$G$8 -> 4 | BA8: =AZ4*$G$8 -> 4 | BC8: =BB4*$G$8 -> 4 | BE8: =BD4*$G$8 -> 4 | BG8: =BF4*$G$8 -> 4 | BI8: =BH4*$G$8 -> 4 | BK8: =BJ4*$G$8 -> 4 | BM8: =BL4*$G$8 -> 4 | BO8: =BN4*$G$8 -> 4 | BQ8: =BP4*$G$8 -> 4 | BS8: =BR4*$G$8 -> 4 | BU8: =BT4*$G$8 -> 4 | BW8: =BV4*$G$8 -> 4 | BY8: =BX4*$G$8 -> 4 | CA8: =BZ4*$G$8 -> 4 | CC8: =CB4*$G$8 -> 4 | CE8: =CD4*$G$8 -> 4 | CG8: =CF4*$G$8 -> 4 | CI8: =CH4*$G$8 -> 4 | CK8: =CJ4*$G$8 -> 4 | CM8: =CL4*$G$8 -> 4 | CO8: =CN4*$G$8 -> 4 | CQ8: =CP4*$G$8 -> 4 | CS8: =CR4*$G$8 -> 4 | CU8: =CT4*$G$8 -> 4 | CW8: =CV4*$G$8 -> 4 | CY8: =CX4*$G$8 -> 4 | DA8: =CZ4*$G$8 -> 4 | DC8: =DB4*$G$8 -> 4 | DE8: =DD4*$G$8 -> 4 | DG8: =DF4*$G$8 -> 4 | DI8: =DH4*$G$8 -> 4 | DK8: =DJ4*$G$8 -> 4 | DM8: =DL4*$G$8 -> 4 | DO8: =DN4*$G$8 -> 4 | DQ8: =DP4*$G$8 -> 4 | DS8: =DR4*$G$8 -> 4 | DU8: =DT4*$G$8 -> 4 | DW8: =DV4*$G$8 -> 4 | DY8: =DX4*$G$8 -> 4 | EA8: =DZ4*$G$8 -> 4 | EC8: =EB4*$G$8 -> 4 | EE8: =ED4*$G$8 -> 4 | EG8: =EF4*$G$8 -> 4 | EI8: =EH4*$G$8 -> 4 | EK8: =EJ4*$G$8 -> 4 | EM8: =EL4*$G$8 -> 4 | EO8: =EN4*$G$8 -> 4 | EQ8: =EP4*$G$8 -> 4 | ES8: =ER4*$G$8 -> 4 | EU8: =ET4*$G$8 -> 4 | EW8: =EV4*$G$8 -> 4 | EY8: =EX4*$G$8 -> 4 | FA8: =EZ4*$G$8 -> 4 | FC8: =FB4*$G$8 -> 4 | FE8: =FD4*$G$8 -> 4 | FG8: =FF4*$G$8 -> 4 | FI8: =FH4*$G$8 -> 4 | FK8: =FJ4*$G$8 -> 4 | FM8: =FL4*$G$8 -> 4 | FO8: =FN4*$G$8 -> 4 | FQ8: =FP4*$G$8 -> 4
A9: CAMISA LISTRAS BRANCAS | B9: 913 | C9: 6D | D9: LISTRA BRANCA | E9: 109130016D6 | F9: 6 | G9: 0 | I9: =G9*$H$4 -> 0 | K9: =J4*$G$9 -> 0 | M9: =L4*$G$9 -> 0 | O9: =N4*$G$9 -> 0 | Q9: =P4*$G$9 -> 0 | S9: =R4*$G$9 -> 0 | U9: =T4*$G$9 -> 0 | W9: =V4*$G$9 -> 0 | Y9: =X4*$G$9 -> 0 | AA9: =Z4*$G$9 -> 0 | AC9: =AB4*$G$9 -> 0 | AE9: =AD4*$G$9 -> 0 | AG9: =AF4*$G$9 -> 0 | AI9: =AH4*$G$9 -> 0 | AK9: =AJ4*$G$9 -> 0 | AM9: =AL4*$G$9 -> 0 | AO9: =AN4*$G$9 -> 0 | AQ9: =AP4*$G$9 -> 0 | AS9: =AR4*$G$9 -> 0 | AU9: =AT4*$G$9 -> 0 | AW9: =AV4*$G$9 -> 0 | AY9: =AX4*$G$9 -> 0 | BA9: =AZ4*$G$9 -> 0 | BC9: =BB4*$G$9 -> 0 | BE9: =BD4*$G$9 -> 0 | BG9: =BF4*$G$9 -> 0 | BI9: =BH4*$G$9 -> 0 | BK9: =BJ4*$G$9 -> 0 | BM9: =BL4*$G$9 -> 0 | BO9: =BN4*$G$9 -> 0 | BQ9: =BP4*$G$9 -> 0 | BS9: =BR4*$G$9 -> 0 | BU9: =BT4*$G$9 -> 0 | BW9: =BV4*$G$9 -> 0 | BY9: =BX4*$G$9 -> 0 | CA9: =BZ4*$G$9 -> 0 | CC9: =CB4*$G$9 -> 0 | CE9: =CD4*$G$9 -> 0 | CG9: =CF4*$G$9 -> 0 | CI9: =CH4*$G$9 -> 0 | CK9: =CJ4*$G$9 -> 0 | CM9: =CL4*$G$9 -> 0 | CO9: =CN4*$G$9 -> 0 | CQ9: =CP4*$G$9 -> 0 | CS9: =CR4*$G$9 -> 0 | CU9: =CT4*$G$9 -> 0 | CW9: =CV4*$G$9 -> 0 | CY9: =CX4*$G$9 -> 0 | DA9: =CZ4*$G$9 -> 0 | DC9: =DB4*$G$9 -> 0 | DE9: =DD4*$G$9 -> 0 | DG9: =DF4*$G$9 -> 0 | DI9: =DH4*$G$9 -> 0 | DK9: =DJ4*$G$9 -> 0 | DM9: =DL4*$G$9 -> 0 | DO9: =DN4*$G$9 -> 0 | DQ9: =DP4*$G$9 -> 0 | DS9: =DR4*$G$9 -> 0 | DU9: =DT4*$G$9 -> 0 | DW9: =DV4*$G$9 -> 0 | DY9: =DX4*$G$9 -> 0 | EA9: =DZ4*$G$9 -> 0 | EC9: =EB4*$G$9 -> 0 | EE9: =ED4*$G$9 -> 0 | EG9: =EF4*$G$9 -> 0 | EI9: =EH4*$G$9 -> 0 | EK9: =EJ4*$G$9 -> 0 | EM9: =EL4*$G$9 -> 0 | EO9: =EN4*$G$9 -> 0 | EQ9: =EP4*$G$9 -> 0 | ES9: =ER4*$G$9 -> 0 | EU9: =ET4*$G$9 -> 0 | EW9: =EV4*$G$9 -> 0 | EY9: =EX4*$G$9 -> 0 | FA9: =EZ4*$G$9 -> 0 | FC9: =FB4*$G$9 -> 0 | FE9: =FD4*$G$9 -> 0 | FG9: =FF4*$G$9 -> 0 | FI9: =FH4*$G$9 -> 0 | FK9: =FJ4*$G$9 -> 0 | FM9: =FL4*$G$9 -> 0 | FO9: =FN4*$G$9 -> 0 | FQ9: =FP4*$G$9 -> 0
A10: CAMISA LISTRAS BRANCAS | B10: 913 | C10: 5B | D10: LISTRA BRANCA | E10: 109130015B1 | F10: 1 | G10: 0 | H10: 117 | I10: =G10*$H10 -> 0 | J10: 3 | K10: =J10*G10 -> 0 | L10: 3 | M10: =L10*$G$10 -> 0 | N10: 3 | O10: =N10*$G$10 -> 0 | P10: 3 | Q10: =P10*$G$10 -> 0 | R10: 3 | S10: =R10*$G$10 -> 0 | T10: 3 | U10: =T10*$G$10 -> 0 | V10: 3 | W10: =V10*$G$10 -> 0 | X10: 3 | Y10: =X10*$G$10 -> 0 | Z10: 3 | AA10: =Z10*$G$10 -> 0 | AB10: 3 | AC10: =AB10*$G$10 -> 0 | AD10: 3 | AE10: =AD10*$G$10 -> 0 | AF10: 3 | AG10: =AF10*$G$10 -> 0 | AH10: 3 | AI10: =AH10*$G$10 -> 0 | AJ10: 3 | AK10: =AJ10*$G$10 -> 0 | AL10: 3 | AM10: =AL10*$G$10 -> 0 | AN10: 2 | AO10: =AN10*$G$10 -> 0 | AP10: 1 | AQ10: =AP10*$G$10 -> 0 | AR10: 1 | AS10: =AR10*$G$10 -> 0 | AT10: 1 | AU10: =AT10*$G$10 -> 0 | AV10: 1 | AW10: =AV10*$G$10 -> 0 | AX10: 1 | AY10: =AX10*$G$10 -> 0 | AZ10: 1 | BA10: =AZ10*$G$10 -> 0 | BB10: 1 | BC10: =BB10*$G$10 -> 0 | BD10: 1 | BE10: =BD10*$G$10 -> 0 | BF10: 1 | BG10: =BF10*$G$10 -> 0 | BH10: 1 | BI10: =BH10*$G$10 -> 0 | BJ10: 1 | BK10: =BJ10*$G$10 -> 0 | BL10: 1 | BM10: =BL10*$G$10 -> 0 | BN10: 1 | BO10: =BN10*$G$10 -> 0 | BP10: 1 | BQ10: =BP10*$G$10 -> 0 | BR10: 1 | BS10: =BR10*$G$10 -> 0 | BT10: 1 | BU10: =BT10*$G$10 -> 0 | BV10: 1 | BW10: =BV10*$G$10 -> 0 | BX10: 1 | BY10: =BX10*$G$10 -> 0 | BZ10: 1 | CA10: =BZ10*$G$10 -> 0 | CB10: 1 | CC10: =CB10*$G$10 -> 0 | CD10: 1 | CE10: =CD10*$G$10 -> 0 | CF10: 1 | CG10: =CF10*$G$10 -> 0 | CH10: 1 | CI10: =CH10*$G$10 -> 0 | CJ10: 1 | CK10: =CJ10*$G$10 -> 0 | CL10: 1 | CM10: =CL10*$G$10 -> 0 | CN10: 1 | CO10: =CN10*$G$10 -> 0 | CP10: 1 | CQ10: =CP10*$G$10 -> 0 | CR10: 1 | CS10: =CR10*$G$10 -> 0 | CT10: 1 | CU10: =CT10*$G$10 -> 0 | CV10: 1 | CW10: =CV10*$G$10 -> 0 | CX10: 1 | CY10: =CX10*$G$10 -> 0 | CZ10: 1 | DA10: =CZ10*$G$10 -> 0 | DB10: 1 | DC10: =DB10*$G$10 -> 0 | DD10: 1 | DE10: =DD10*$G$10 -> 0 | DF10: 1 | DG10: =DF10*$G$10 -> 0 | DH10: 1 | DI10: =DH10*$G$10 -> 0 | DJ10: 1 | DK10: =DJ10*$G$10 -> 0 | DL10: 1 | DM10: =DL10*$G$10 -> 0 | DN10: 1 | DO10: =DN10*$G$10 -> 0 | DP10: 1 | DQ10: =DP10*$G$10 -> 0 | DR10: 1 | DS10: =DR10*$G$10 -> 0 | DT10: 1 | DU10: =DT10*$G$10 -> 0 | DV10: 1 | DW10: =DV10*$G$10 -> 0 | DX10: 1 | DY10: =DX10*$G$10 -> 0 | DZ10: 1 | EA10: =DZ10*$G$10 -> 0 | EB10: 1 | EC10: =EB10*$G$10 -> 0 | ED10: 1 | EE10: =ED10*$G$10 -> 0 | EF10: 1 | EG10: =EF10*$G$10 -> 0 | EH10: 1 | EI10: =EH10*$G$10 -> 0 | EJ10: 1 | EK10: =EJ10*$G$10 -> 0 | EL10: 1 | EM10: =EL10*$G$10 -> 0 | EN10: 1 | EO10: =EN10*$G$10 -> 0 | EP10: 1 | EQ10: =EP10*$G$10 -> 0 | ER10: 1 | ES10: =ER10*$G$10 -> 0 | ET10: 1 | EU10: =ET10*$G$10 -> 0 | EV10: 1 | EW10: =EV10*$G$10 -> 0 | EX10: 1 | EY10: =EX10*$G$10 -> 0 | EZ10: 1 | FA10: =EZ10*$G$10 -> 0 | FB10: 1 | FC10: =FB10*$G$10 -> 0 | FD10: 1 | FE10: =FD10*$G$10 -> 0 | FF10: 1 | FG10: =FF10*$G$10 -> 0 | FH10: 1 | FI10: =FH10*$G$10 -> 0 | FJ10: 1 | FK10: =FJ10*$G$10 -> 0 | FL10: 1 | FM10: =FL10*$G$10 -> 0 | FN10: 1 | FO10: =FN10*$G$10 -> 0 | FP10: 2 | FQ10: =FP10*$G$10 -> 0
A11: CAMISA LISTRAS BRANCAS | B11: 913 | C11: 5B | D11: LISTRA BRANCA | E11: 109130015B2 | F11: 2 | G11: 2 | I11: =G11*$H$10 -> 234 | K11: =J10*G11 -> 6 | M11: =L10*$G$11 -> 6 | O11: =N10*$G$11 -> 6 | Q11: =P10*$G$11 -> 6 | S11: =R10*$G$11 -> 6 | U11: =T10*$G$11 -> 6 | W11: =V10*$G$11 -> 6 | Y11: =X10*$G$11 -> 6 | AA11: =Z10*$G$11 -> 6 | AC11: =AB10*$G$11 -> 6 | AE11: =AD10*$G$11 -> 6 | AG11: =AF10*$G$11 -> 6 | AI11: =AH10*$G$11 -> 6 | AK11: =AJ10*$G$11 -> 6 | AM11: =AL10*$G$11 -> 6 | AO11: =AN10*$G$11 -> 4 | AQ11: =AP10*$G$11 -> 2 | AS11: =AR10*$G$11 -> 2 | AU11: =AT10*$G$11 -> 2 | AW11: =AV10*$G$11 -> 2 | AY11: =AX10*$G$11 -> 2 | BA11: =AZ10*$G$11 -> 2 | BC11: =BB10*$G$11 -> 2 | BE11: =BD10*$G$11 -> 2 | BG11: =BF10*$G$11 -> 2 | BI11: =BH10*$G$11 -> 2 | BK11: =BJ10*$G$11 -> 2 | BM11: =BL10*$G$11 -> 2 | BO11: =BN10*$G$11 -> 2 | BQ11: =BP10*$G$11 -> 2 | BS11: =BR10*$G$11 -> 2 | BU11: =BT10*$G$11 -> 2 | BW11: =BV10*$G$11 -> 2 | BY11: =BX10*$G$11 -> 2 | CA11: =BZ10*$G$11 -> 2 | CC11: =CB10*$G$11 -> 2 | CE11: =CD10*$G$11 -> 2 | CG11: =CF10*$G$11 -> 2 | CI11: =CH10*$G$11 -> 2 | CK11: =CJ10*$G$11 -> 2 | CM11: =CL10*$G$11 -> 2 | CO11: =CN10*$G$11 -> 2 | CQ11: =CP10*$G$11 -> 2 | CS11: =CR10*$G$11 -> 2 | CU11: =CT10*$G$11 -> 2 | CW11: =CV10*$G$11 -> 2 | CY11: =CX10*$G$11 -> 2 | DA11: =CZ10*$G$11 -> 2 | DC11: =DB10*$G$11 -> 2 | DE11: =DD10*$G$11 -> 2 | DG11: =DF10*$G$11 -> 2 | DI11: =DH10*$G$11 -> 2 | DK11: =DJ10*$G$11 -> 2 | DM11: =DL10*$G$11 -> 2 | DO11: =DN10*$G$11 -> 2 | DQ11: =DP10*$G$11 -> 2 | DS11: =DR10*$G$11 -> 2 | DU11: =DT10*$G$11 -> 2 | DW11: =DV10*$G$11 -> 2 | DY11: =DX10*$G$11 -> 2 | EA11: =DZ10*$G$11 -> 2 | EC11: =EB10*$G$11 -> 2 | EE11: =ED10*$G$11 -> 2 | EG11: =EF10*$G$11 -> 2 | EI11: =EH10*$G$11 -> 2 | EK11: =EJ10*$G$11 -> 2 | EM11: =EL10*$G$11 -> 2 | EO11: =EN10*$G$11 -> 2 | EQ11: =EP10*$G$11 -> 2 | ES11: =ER10*$G$11 -> 2 | EU11: =ET10*$G$11 -> 2 | EW11: =EV10*$G$11 -> 2 | EY11: =EX10*$G$11 -> 2 | FA11: =EZ10*$G$11 -> 2 | FC11: =FB10*$G$11 -> 2 | FE11: =FD10*$G$11 -> 2 | FG11: =FF10*$G$11 -> 2 | FI11: =FH10*$G$11 -> 2 | FK11: =FJ10*$G$11 -> 2 | FM11: =FL10*$G$11 -> 2 | FO11: =FN10*$G$11 -> 2 | FQ11: =FP10*$G$11 -> 4
A12: CAMISA LISTRAS BRANCAS | B12: 913 | C12: 5B | D12: LISTRA BRANCA | E12: 109130015B3 | F12: 3 | G12: 4 | I12: =G12*$H$10 -> 468 | K12: =J10*G12 -> 12 | M12: =L10*$G$12 -> 12 | O12: =N10*$G$12 -> 12 | Q12: =P10*$G$12 -> 12 | S12: =R10*$G$12 -> 12 | U12: =T10*$G$12 -> 12 | W12: =V10*$G$12 -> 12 | Y12: =X10*$G$12 -> 12 | AA12: =Z10*$G$12 -> 12 | AC12: =AB10*$G$12 -> 12 | AE12: =AD10*$G$12 -> 12 | AG12: =AF10*$G$12 -> 12 | AI12: =AH10*$G$12 -> 12 | AK12: =AJ10*$G$12 -> 12 | AM12: =AL10*$G$12 -> 12 | AO12: =AN10*$G$12 -> 8 | AQ12: =AP10*$G$12 -> 4 | AS12: =AR10*$G$12 -> 4 | AU12: =AT10*$G$12 -> 4 | AW12: =AV10*$G$12 -> 4 | AY12: =AX10*$G$12 -> 4 | BA12: =AZ10*$G$12 -> 4 | BC12: =BB10*$G$12 -> 4 | BE12: =BD10*$G$12 -> 4 | BG12: =BF10*$G$12 -> 4 | BI12: =BH10*$G$12 -> 4 | BK12: =BJ10*$G$12 -> 4 | BM12: =BL10*$G$12 -> 4 | BO12: =BN10*$G$12 -> 4 | BQ12: =BP10*$G$12 -> 4 | BS12: =BR10*$G$12 -> 4 | BU12: =BT10*$G$12 -> 4 | BW12: =BV10*$G$12 -> 4 | BY12: =BX10*$G$12 -> 4 | CA12: =BZ10*$G$12 -> 4 | CC12: =CB10*$G$12 -> 4 | CE12: =CD10*$G$12 -> 4 | CG12: =CF10*$G$12 -> 4 | CI12: =CH10*$G$12 -> 4 | CK12: =CJ10*$G$12 -> 4 | CM12: =CL10*$G$12 -> 4 | CO12: =CN10*$G$12 -> 4 | CQ12: =CP10*$G$12 -> 4 | CS12: =CR10*$G$12 -> 4 | CU12: =CT10*$G$12 -> 4 | CW12: =CV10*$G$12 -> 4 | CY12: =CX10*$G$12 -> 4 | DA12: =CZ10*$G$12 -> 4 | DC12: =DB10*$G$12 -> 4 | DE12: =DD10*$G$12 -> 4 | DG12: =DF10*$G$12 -> 4 | DI12: =DH10*$G$12 -> 4 | DK12: =DJ10*$G$12 -> 4 | DM12: =DL10*$G$12 -> 4 | DO12: =DN10*$G$12 -> 4 | DQ12: =DP10*$G$12 -> 4 | DS12: =DR10*$G$12 -> 4 | DU12: =DT10*$G$12 -> 4 | DW12: =DV10*$G$12 -> 4 | DY12: =DX10*$G$12 -> 4 | EA12: =DZ10*$G$12 -> 4 | EC12: =EB10*$G$12 -> 4 | EE12: =ED10*$G$12 -> 4 | EG12: =EF10*$G$12 -> 4 | EI12: =EH10*$G$12 -> 4 | EK12: =EJ10*$G$12 -> 4 | EM12: =EL10*$G$12 -> 4 | EO12: =EN10*$G$12 -> 4 | EQ12: =EP10*$G$12 -> 4 | ES12: =ER10*$G$12 -> 4 | EU12: =ET10*$G$12 -> 4 | EW12: =EV10*$G$12 -> 4 | EY12: =EX10*$G$12 -> 4 | FA12: =EZ10*$G$12 -> 4 | FC12: =FB10*$G$12 -> 4 | FE12: =FD10*$G$12 -> 4 | FG12: =FF10*$G$12 -> 4 | FI12: =FH10*$G$12 -> 4 | FK12: =FJ10*$G$12 -> 4 | FM12: =FL10*$G$12 -> 4 | FO12: =FN10*$G$12 -> 4 | FQ12: =FP10*$G$12 -> 8
A13: CAMISA LISTRAS BRANCAS | B13: 913 | C13: 5B | D13: LISTRA BRANCA | E13: 109130015B4 | F13: 4 | G13: 2 | I13: =G13*$H$10 -> 234 | K13: =J10*G13 -> 6 | M13: =L10*$G$13 -> 6 | O13: =N10*$G$13 -> 6 | Q13: =P10*$G$13 -> 6 | S13: =R10*$G$13 -> 6 | U13: =T10*$G$13 -> 6 | W13: =V10*$G$13 -> 6 | Y13: =X10*$G$13 -> 6 | AA13: =Z10*$G$13 -> 6 | AC13: =AB10*$G$13 -> 6 | AE13: =AD10*$G$13 -> 6 | AG13: =AF10*$G$13 -> 6 | AI13: =AH10*$G$13 -> 6 | AK13: =AJ10*$G$13 -> 6 | AM13: =AL10*$G$13 -> 6 | AO13: =AN10*$G$13 -> 4 | AQ13: =AP10*$G$13 -> 2 | AS13: =AR10*$G$13 -> 2 | AU13: =AT10*$G$13 -> 2 | AW13: =AV10*$G$13 -> 2 | AY13: =AX10*$G$13 -> 2 | BA13: =AZ10*$G$13 -> 2 | BC13: =BB10*$G$13 -> 2 | BE13: =BD10*$G$13 -> 2 | BG13: =BF10*$G$13 -> 2 | BI13: =BH10*$G$13 -> 2 | BK13: =BJ10*$G$13 -> 2 | BM13: =BL10*$G$13 -> 2 | BO13: =BN10*$G$13 -> 2 | BQ13: =BP10*$G$13 -> 2 | BS13: =BR10*$G$13 -> 2 | BU13: =BT10*$G$13 -> 2 | BW13: =BV10*$G$13 -> 2 | BY13: =BX10*$G$13 -> 2 | CA13: =BZ10*$G$13 -> 2 | CC13: =CB10*$G$13 -> 2 | CE13: =CD10*$G$13 -> 2 | CG13: =CF10*$G$13 -> 2 | CI13: =CH10*$G$13 -> 2 | CK13: =CJ10*$G$13 -> 2 | CM13: =CL10*$G$13 -> 2 | CO13: =CN10*$G$13 -> 2 | CQ13: =CP10*$G$13 -> 2 | CS13: =CR10*$G$13 -> 2 | CU13: =CT10*$G$13 -> 2 | CW13: =CV10*$G$13 -> 2 | CY13: =CX10*$G$13 -> 2 | DA13: =CZ10*$G$13 -> 2 | DC13: =DB10*$G$13 -> 2 | DE13: =DD10*$G$13 -> 2 | DG13: =DF10*$G$13 -> 2 | DI13: =DH10*$G$13 -> 2 | DK13: =DJ10*$G$13 -> 2 | DM13: =DL10*$G$13 -> 2 | DO13: =DN10*$G$13 -> 2 | DQ13: =DP10*$G$13 -> 2 | DS13: =DR10*$G$13 -> 2 | DU13: =DT10*$G$13 -> 2 | DW13: =DV10*$G$13 -> 2 | DY13: =DX10*$G$13 -> 2 | EA13: =DZ10*$G$13 -> 2 | EC13: =EB10*$G$13 -> 2 | EE13: =ED10*$G$13 -> 2 | EG13: =EF10*$G$13 -> 2 | EI13: =EH10*$G$13 -> 2 | EK13: =EJ10*$G$13 -> 2 | EM13: =EL10*$G$13 -> 2 | EO13: =EN10*$G$13 -> 2 | EQ13: =EP10*$G$13 -> 2 | ES13: =ER10*$G$13 -> 2 | EU13: =ET10*$G$13 -> 2 | EW13: =EV10*$G$13 -> 2 | EY13: =EX10*$G$13 -> 2 | FA13: =EZ10*$G$13 -> 2 | FC13: =FB10*$G$13 -> 2 | FE13: =FD10*$G$13 -> 2 | FG13: =FF10*$G$13 -> 2 | FI13: =FH10*$G$13 -> 2 | FK13: =FJ10*$G$13 -> 2 | FM13: =FL10*$G$13 -> 2 | FO13: =FN10*$G$13 -> 2 | FQ13: =FP10*$G$13 -> 4
A14: CAMISA LISTRAS BRANCAS | B14: 913 | C14: 5B | D14: LISTRA BRANCA | E14: 109130015B5 | F14: 5 | G14: 2 | I14: =G14*$H$10 -> 234 | K14: =J10*G14 -> 6 | M14: =L10*$G$14 -> 6 | O14: =N10*$G$14 -> 6 | Q14: =P10*$G$14 -> 6 | S14: =R10*$G$14 -> 6 | U14: =T10*$G$14 -> 6 | W14: =V10*$G$14 -> 6 | Y14: =X10*$G$14 -> 6 | AA14: =Z10*$G$14 -> 6 | AC14: =AB10*$G$14 -> 6 | AE14: =AD10*$G$14 -> 6 | AG14: =AF10*$G$14 -> 6 | AI14: =AH10*$G$14 -> 6 | AK14: =AJ10*$G$14 -> 6 | AM14: =AL10*$G$14 -> 6 | AO14: =AN10*$G$14 -> 4 | AQ14: =AP10*$G$14 -> 2 | AS14: =AR10*$G$14 -> 2 | AU14: =AT10*$G$14 -> 2 | AW14: =AV10*$G$14 -> 2 | AY14: =AX10*$G$14 -> 2 | BA14: =AZ10*$G$14 -> 2 | BC14: =BB10*$G$14 -> 2 | BE14: =BD10*$G$14 -> 2 | BG14: =BF10*$G$14 -> 2 | BI14: =BH10*$G$14 -> 2 | BK14: =BJ10*$G$14 -> 2 | BM14: =BL10*$G$14 -> 2 | BO14: =BN10*$G$14 -> 2 | BQ14: =BP10*$G$14 -> 2 | BS14: =BR10*$G$14 -> 2 | BU14: =BT10*$G$14 -> 2 | BW14: =BV10*$G$14 -> 2 | BY14: =BX10*$G$14 -> 2 | CA14: =BZ10*$G$14 -> 2 | CC14: =CB10*$G$14 -> 2 | CE14: =CD10*$G$14 -> 2 | CG14: =CF10*$G$14 -> 2 | CI14: =CH10*$G$14 -> 2 | CK14: =CJ10*$G$14 -> 2 | CM14: =CL10*$G$14 -> 2 | CO14: =CN10*$G$14 -> 2 | CQ14: =CP10*$G$14 -> 2 | CS14: =CR10*$G$14 -> 2 | CU14: =CT10*$G$14 -> 2 | CW14: =CV10*$G$14 -> 2 | CY14: =CX10*$G$14 -> 2 | DA14: =CZ10*$G$14 -> 2 | DC14: =DB10*$G$14 -> 2 | DE14: =DD10*$G$14 -> 2 | DG14: =DF10*$G$14 -> 2 | DI14: =DH10*$G$14 -> 2 | DK14: =DJ10*$G$14 -> 2 | DM14: =DL10*$G$14 -> 2 | DO14: =DN10*$G$14 -> 2 | DQ14: =DP10*$G$14 -> 2 | DS14: =DR10*$G$14 -> 2 | DU14: =DT10*$G$14 -> 2 | DW14: =DV10*$G$14 -> 2 | DY14: =DX10*$G$14 -> 2 | EA14: =DZ10*$G$14 -> 2 | EC14: =EB10*$G$14 -> 2 | EE14: =ED10*$G$14 -> 2 | EG14: =EF10*$G$14 -> 2 | EI14: =EH10*$G$14 -> 2 | EK14: =EJ10*$G$14 -> 2 | EM14: =EL10*$G$14 -> 2 | EO14: =EN10*$G$14 -> 2 | EQ14: =EP10*$G$14 -> 2 | ES14: =ER10*$G$14 -> 2 | EU14: =ET10*$G$14 -> 2 | EW14: =EV10*$G$14 -> 2 | EY14: =EX10*$G$14 -> 2 | FA14: =EZ10*$G$14 -> 2 | FC14: =FB10*$G$14 -> 2 | FE14: =FD10*$G$14 -> 2 | FG14: =FF10*$G$14 -> 2 | FI14: =FH10*$G$14 -> 2 | FK14: =FJ10*$G$14 -> 2 | FM14: =FL10*$G$14 -> 2 | FO14: =FN10*$G$14 -> 2 | FQ14: =FP10*$G$14 -> 4
A15: CAMISA LISTRAS BRANCAS | B15: 913 | C15: 5B | D15: LISTRA BRANCA | E15: 109130015B6 | F15: 6 | G15: 0 | I15: =G15*$H$10 -> 0 | K15: =J10*G15 -> 0 | M15: =L10*$G$15 -> 0 | O15: =N10*$G$15 -> 0 | Q15: =P10*$G$15 -> 0 | S15: =R10*$G$15 -> 0 | U15: =T10*$G$15 -> 0 | W15: =V10*$G$15 -> 0 | Y15: =X10*$G$15 -> 0 | AA15: =Z10*$G$15 -> 0 | AC15: =AB10*$G$15 -> 0 | AE15: =AD10*$G$15 -> 0 | AG15: =AF10*$G$15 -> 0 | AI15: =AH10*$G$15 -> 0 | AK15: =AJ10*$G$15 -> 0 | AM15: =AL10*$G$15 -> 0 | AO15: =AN10*$G$15 -> 0 | AQ15: =AP10*$G$15 -> 0 | AS15: =AR10*$G$15 -> 0 | AU15: =AT10*$G$15 -> 0 | AW15: =AV10*$G$15 -> 0 | AY15: =AX10*$G$15 -> 0 | BA15: =AZ10*$G$15 -> 0 | BC15: =BB10*$G$15 -> 0 | BE15: =BD10*$G$15 -> 0 | BG15: =BF10*$G$15 -> 0 | BI15: =BH10*$G$15 -> 0 | BK15: =BJ10*$G$15 -> 0 | BM15: =BL10*$G$15 -> 0 | BO15: =BN10*$G$15 -> 0 | BQ15: =BP10*$G$15 -> 0 | BS15: =BR10*$G$15 -> 0 | BU15: =BT10*$G$15 -> 0 | BW15: =BV10*$G$15 -> 0 | BY15: =BX10*$G$15 -> 0 | CA15: =BZ10*$G$15 -> 0 | CC15: =CB10*$G$15 -> 0 | CE15: =CD10*$G$15 -> 0 | CG15: =CF10*$G$15 -> 0 | CI15: =CH10*$G$15 -> 0 | CK15: =CJ10*$G$15 -> 0 | CM15: =CL10*$G$15 -> 0 | CO15: =CN10*$G$15 -> 0 | CQ15: =CP10*$G$15 -> 0 | CS15: =CR10*$G$15 -> 0 | CU15: =CT10*$G$15 -> 0 | CW15: =CV10*$G$15 -> 0 | CY15: =CX10*$G$15 -> 0 | DA15: =CZ10*$G$15 -> 0 | DC15: =DB10*$G$15 -> 0 | DE15: =DD10*$G$15 -> 0 | DG15: =DF10*$G$15 -> 0 | DI15: =DH10*$G$15 -> 0 | DK15: =DJ10*$G$15 -> 0 | DM15: =DL10*$G$15 -> 0 | DO15: =DN10*$G$15 -> 0 | DQ15: =DP10*$G$15 -> 0 | DS15: =DR10*$G$15 -> 0 | DU15: =DT10*$G$15 -> 0 | DW15: =DV10*$G$15 -> 0 | DY15: =DX10*$G$15 -> 0 | EA15: =DZ10*$G$15 -> 0 | EC15: =EB10*$G$15 -> 0 | EE15: =ED10*$G$15 -> 0 | EG15: =EF10*$G$15 -> 0 | EI15: =EH10*$G$15 -> 0 | EK15: =EJ10*$G$15 -> 0 | EM15: =EL10*$G$15 -> 0 | EO15: =EN10*$G$15 -> 0 | EQ15: =EP10*$G$15 -> 0 | ES15: =ER10*$G$15 -> 0 | EU15: =ET10*$G$15 -> 0 | EW15: =EV10*$G$15 -> 0 | EY15: =EX10*$G$15 -> 0 | FA15: =EZ10*$G$15 -> 0 | FC15: =FB10*$G$15 -> 0 | FE15: =FD10*$G$15 -> 0 | FG15: =FF10*$G$15 -> 0 | FI15: =FH10*$G$15 -> 0 | FK15: =FJ10*$G$15 -> 0 | FM15: =FL10*$G$15 -> 0 | FO15: =FN10*$G$15 -> 0 | FQ15: =FP10*$G$15 -> 0
A16: CAMISA LISTRAS BRANCAS | B16: 913 | C16: 9E | D16: LISTRA BRANCA | E16: 109130019E1 | F16: 1 | G16: 0 | H16: 136 | I16: =H16*G16 -> 0 | J16: 3 | K16: =J16*$G$16 -> 0 | L16: 3 | M16: =L16*$G$16 -> 0 | N16: 3 | O16: =N16*$G$16 -> 0 | P16: 3 | Q16: =P16*$G$16 -> 0 | R16: 3 | S16: =R16*$G$16 -> 0 | T16: 3 | U16: =T16*$G$16 -> 0 | V16: 3 | W16: =V16*$G$16 -> 0 | X16: 3 | Y16: =X16*$G$16 -> 0 | Z16: 3 | AA16: =Z16*$G$16 -> 0 | AB16: 3 | AC16: =AB16*$G$16 -> 0 | AD16: 3 | AE16: =AD16*$G$16 -> 0 | AF16: 3 | AG16: =AF16*$G$16 -> 0 | AH16: 2 | AI16: =AH16*$G$16 -> 0 | AJ16: 2 | AK16: =AJ16*$G$16 -> 0 | AL16: 2 | AM16: =AL16*$G$16 -> 0 | AN16: 2 | AO16: =AN16*$G$16 -> 0 | AP16: 2 | AQ16: =AP16*$G$16 -> 0 | AR16: 2 | AS16: =AR16*$G$16 -> 0 | AT16: 2 | AU16: =AT16*$G$16 -> 0 | AV16: 2 | AW16: =AV16*$G$16 -> 0 | AX16: 2 | AY16: =AX16*$G$16 -> 0 | AZ16: 2 | BA16: =AZ16*$G$16 -> 0 | BB16: 2 | BC16: =BB16*$G$16 -> 0 | BD16: 2 | BE16: =BD16*$G$16 -> 0 | BF16: 2 | BG16: =BF16*$G$16 -> 0 | BH16: 2 | BI16: =BH16*$G$16 -> 0 | BJ16: 2 | BK16: =BJ16*$G$16 -> 0 | BL16: 2 | BM16: =BL16*$G$16 -> 0 | BN16: 2 | BO16: =BN16*$G$16 -> 0 | BP16: 2 | BQ16: =BP16*$G$16 -> 0 | BR16: 2 | BS16: =BR16*$G$16 -> 0 | BT16: 2 | BU16: =BT16*$G$16 -> 0 | BV16: 2 | BW16: =BV16*$G$16 -> 0 | BX16: 2 | BY16: =BX16*$G$16 -> 0 | BZ16: 2 | CA16: =BZ16*$G$16 -> 0 | CB16: 2 | CC16: =CB16*$G$16 -> 0 | CD16: 2 | CE16: =CD16*$G$16 -> 0 | CF16: 2 | CG16: =CF16*$G$16 -> 0 | CH16: 2 | CI16: =CH16*$G$16 -> 0 | CJ16: 1 | CK16: =CJ16*$G$16 -> 0 | CL16: 1 | CM16: =CL16*$G$16 -> 0 | CN16: 1 | CO16: =CN16*$G$16 -> 0 | CP16: 1 | CQ16: =CP16*$G$16 -> 0 | CR16: 1 | CS16: =CR16*$G$16 -> 0 | CT16: 1 | CU16: =CT16*$G$16 -> 0 | CV16: 1 | CW16: =CV16*$G$16 -> 0 | CX16: 1 | CY16: =CX16*$G$16 -> 0 | CZ16: 1 | DA16: =CZ16*$G$16 -> 0 | DB16: 1 | DC16: =DB16*$G$16 -> 0 | DD16: 1 | DE16: =DD16*$G$16 -> 0 | DF16: 1 | DG16: =DF16*$G$16 -> 0 | DH16: 1 | DI16: =DH16*$G$16 -> 0 | DJ16: 1 | DK16: =DJ16*$G$16 -> 0 | DL16: 1 | DM16: =DL16*$G$16 -> 0 | DN16: 1 | DO16: =DN16*$G$16 -> 0 | DP16: 1 | DQ16: =DP16*$G$16 -> 0 | DR16: 1 | DS16: =DR16*$G$16 -> 0 | DT16: 1 | DU16: =DT16*$G$16 -> 0 | DV16: 1 | DW16: =DV16*$G$16 -> 0 | DX16: 1 | DY16: =DX16*$G$16 -> 0 | DZ16: 1 | EA16: =DZ16*$G$16 -> 0 | EB16: 1 | EC16: =EB16*$G$16 -> 0 | ED16: 1 | EE16: =ED16*$G$16 -> 0 | EF16: 1 | EG16: =EF16*$G$16 -> 0 | EH16: 1 | EI16: =EH16*$G$16 -> 0 | EJ16: 1 | EK16: =EJ16*$G$16 -> 0 | EL16: 1 | EM16: =EL16*$G$16 -> 0 | EN16: 1 | EO16: =EN16*$G$16 -> 0 | EP16: 1 | EQ16: =EP16*$G$16 -> 0 | ER16: 1 | ES16: =ER16*$G$16 -> 0 | ET16: 1 | EU16: =ET16*$G$16 -> 0 | EV16: 1 | EW16: =EV16*$G$16 -> 0 | EX16: 1 | EY16: =EX16*$G$16 -> 0 | EZ16: 1 | FA16: =EZ16*$G$16 -> 0 | FB16: 1 | FC16: =FB16*$G$16 -> 0 | FD16: 1 | FE16: =FD16*$G$16 -> 0 | FF16: 1 | FG16: =FF16*$G$16 -> 0 | FH16: 1 | FI16: =FH16*$G$16 -> 0 | FJ16: 1 | FK16: =FJ16*$G$16 -> 0 | FL16: 1 | FM16: =FL16*$G$16 -> 0 | FN16: 1 | FO16: =FN16*$G$16 -> 0 | FP16: 1 | FQ16: =FP16*$G$16 -> 0
A17: CAMISA LISTRAS BRANCAS | B17: 913 | C17: 9E | D17: LISTRA BRANCA | E17: 109130019E2 | F17: 2 | G17: 3 | I17: =H16*G17 -> 408 | K17: =J16*$G$17 -> 9 | M17: =L16*$G$17 -> 9 | O17: =N16*$G$17 -> 9 | Q17: =P16*$G$17 -> 9 | S17: =R16*$G$17 -> 9 | U17: =T16*$G$17 -> 9 | W17: =V16*$G$17 -> 9 | Y17: =X16*$G$17 -> 9 | AA17: =Z16*$G$17 -> 9 | AC17: =AB16*$G$17 -> 9 | AE17: =AD16*$G$17 -> 9 | AG17: =AF16*$G$17 -> 9 | AI17: =AH16*$G$17 -> 6 | AK17: =AJ16*$G$17 -> 6 | AM17: =AL16*$G$17 -> 6 | AO17: =AN16*$G$17 -> 6 | AQ17: =AP16*$G$17 -> 6 | AS17: =AR16*$G$17 -> 6 | AU17: =AT16*$G$17 -> 6 | AW17: =AV16*$G$17 -> 6 | AY17: =AX16*$G$17 -> 6 | BA17: =AZ16*$G$17 -> 6 | BC17: =BB16*$G$17 -> 6 | BE17: =BD16*$G$17 -> 6 | BG17: =BF16*$G$17 -> 6 | BI17: =BH16*$G$17 -> 6 | BK17: =BJ16*$G$17 -> 6 | BM17: =BL16*$G$17 -> 6 | BO17: =BN16*$G$17 -> 6 | BQ17: =BP16*$G$17 -> 6 | BS17: =BR16*$G$17 -> 6 | BU17: =BT16*$G$17 -> 6 | BW17: =BV16*$G$17 -> 6 | BY17: =BX16*$G$17 -> 6 | CA17: =BZ16*$G$17 -> 6 | CC17: =CB16*$G$17 -> 6 | CE17: =CD16*$G$17 -> 6 | CG17: =CF16*$G$17 -> 6 | CI17: =CH16*$G$17 -> 6 | CK17: =CJ16*$G$17 -> 3 | CM17: =CL16*$G$17 -> 3 | CO17: =CN16*$G$17 -> 3 | CQ17: =CP16*$G$17 -> 3 | CS17: =CR16*$G$17 -> 3 | CU17: =CT16*$G$17 -> 3 | CW17: =CV16*$G$17 -> 3 | CY17: =CX16*$G$17 -> 3 | DA17: =CZ16*$G$17 -> 3 | DC17: =DB16*$G$17 -> 3 | DE17: =DD16*$G$17 -> 3 | DG17: =DF16*$G$17 -> 3 | DI17: =DH16*$G$17 -> 3 | DK17: =DJ16*$G$17 -> 3 | DM17: =DL16*$G$17 -> 3 | DO17: =DN16*$G$17 -> 3 | DQ17: =DP16*$G$17 -> 3 | DS17: =DR16*$G$17 -> 3 | DU17: =DT16*$G$17 -> 3 | DW17: =DV16*$G$17 -> 3 | DY17: =DX16*$G$17 -> 3 | EA17: =DZ16*$G$17 -> 3 | EC17: =EB16*$G$17 -> 3 | EE17: =ED16*$G$17 -> 3 | EG17: =EF16*$G$17 -> 3 | EI17: =EH16*$G$17 -> 3 | EK17: =EJ16*$G$17 -> 3 | EM17: =EL16*$G$17 -> 3 | EO17: =EN16*$G$17 -> 3 | EQ17: =EP16*$G$17 -> 3 | ES17: =ER16*$G$17 -> 3 | EU17: =ET16*$G$17 -> 3 | EW17: =EV16*$G$17 -> 3 | EY17: =EX16*$G$17 -> 3 | FA17: =EZ16*$G$17 -> 3 | FC17: =FB16*$G$17 -> 3 | FE17: =FD16*$G$17 -> 3 | FG17: =FF16*$G$17 -> 3 | FI17: =FH16*$G$17 -> 3 | FK17: =FJ16*$G$17 -> 3 | FM17: =FL16*$G$17 -> 3 | FO17: =FN16*$G$17 -> 3 | FQ17: =FP16*$G$17 -> 3
A18: CAMISA LISTRAS BRANCAS | B18: 913 | C18: 9E | D18: LISTRA BRANCA | E18: 109130019E3 | F18: 3 | G18: 4 | I18: =H16*G18 -> 544 | K18: =J16*$G$18 -> 12 | M18: =L16*$G$18 -> 12 | O18: =N16*$G$18 -> 12 | Q18: =P16*$G$18 -> 12 | S18: =R16*$G$18 -> 12 | U18: =T16*$G$18 -> 12 | W18: =V16*$G$18 -> 12 | Y18: =X16*$G$18 -> 12 | AA18: =Z16*$G$18 -> 12 | AC18: =AB16*$G$18 -> 12 | AE18: =AD16*$G$18 -> 12 | AG18: =AF16*$G$18 -> 12 | AI18: =AH16*$G$18 -> 8 | AK18: =AJ16*$G$18 -> 8 | AM18: =AL16*$G$18 -> 8 | AO18: =AN16*$G$18 -> 8 | AQ18: =AP16*$G$18 -> 8 | AS18: =AR16*$G$18 -> 8 | AU18: =AT16*$G$18 -> 8 | AW18: =AV16*$G$18 -> 8 | AY18: =AX16*$G$18 -> 8 | BA18: =AZ16*$G$18 -> 8 | BC18: =BB16*$G$18 -> 8 | BE18: =BD16*$G$18 -> 8 | BG18: =BF16*$G$18 -> 8 | BI18: =BH16*$G$18 -> 8 | BK18: =BJ16*$G$18 -> 8 | BM18: =BL16*$G$18 -> 8 | BO18: =BN16*$G$18 -> 8 | BQ18: =BP16*$G$18 -> 8 | BS18: =BR16*$G$18 -> 8 | BU18: =BT16*$G$18 -> 8 | BW18: =BV16*$G$18 -> 8 | BY18: =BX16*$G$18 -> 8 | CA18: =BZ16*$G$18 -> 8 | CC18: =CB16*$G$18 -> 8 | CE18: =CD16*$G$18 -> 8 | CG18: =CF16*$G$18 -> 8 | CI18: =CH16*$G$18 -> 8 | CK18: =CJ16*$G$18 -> 4 | CM18: =CL16*$G$18 -> 4 | CO18: =CN16*$G$18 -> 4 | CQ18: =CP16*$G$18 -> 4 | CS18: =CR16*$G$18 -> 4 | CU18: =CT16*$G$18 -> 4 | CW18: =CV16*$G$18 -> 4 | CY18: =CX16*$G$18 -> 4 | DA18: =CZ16*$G$18 -> 4 | DC18: =DB16*$G$18 -> 4 | DE18: =DD16*$G$18 -> 4 | DG18: =DF16*$G$18 -> 4 | DI18: =DH16*$G$18 -> 4 | DK18: =DJ16*$G$18 -> 4 | DM18: =DL16*$G$18 -> 4 | DO18: =DN16*$G$18 -> 4 | DQ18: =DP16*$G$18 -> 4 | DS18: =DR16*$G$18 -> 4 | DU18: =DT16*$G$18 -> 4 | DW18: =DV16*$G$18 -> 4 | DY18: =DX16*$G$18 -> 4 | EA18: =DZ16*$G$18 -> 4 | EC18: =EB16*$G$18 -> 4 | EE18: =ED16*$G$18 -> 4 | EG18: =EF16*$G$18 -> 4 | EI18: =EH16*$G$18 -> 4 | EK18: =EJ16*$G$18 -> 4 | EM18: =EL16*$G$18 -> 4 | EO18: =EN16*$G$18 -> 4 | EQ18: =EP16*$G$18 -> 4 | ES18: =ER16*$G$18 -> 4 | EU18: =ET16*$G$18 -> 4 | EW18: =EV16*$G$18 -> 4 | EY18: =EX16*$G$18 -> 4 | FA18: =EZ16*$G$18 -> 4 | FC18: =FB16*$G$18 -> 4 | FE18: =FD16*$G$18 -> 4 | FG18: =FF16*$G$18 -> 4 | FI18: =FH16*$G$18 -> 4 | FK18: =FJ16*$G$18 -> 4 | FM18: =FL16*$G$18 -> 4 | FO18: =FN16*$G$18 -> 4 | FQ18: =FP16*$G$18 -> 4
A19: CAMISA LISTRAS BRANCAS | B19: 913 | C19: 9E | D19: LISTRA BRANCA | E19: 109130019E4 | F19: 4 | G19: 2 | I19: =H16*G19 -> 272 | K19: =J16*$G$19 -> 6 | M19: =L16*$G$19 -> 6 | O19: =N16*$G$19 -> 6 | Q19: =P16*$G$19 -> 6 | S19: =R16*$G$19 -> 6 | U19: =T16*$G$19 -> 6 | W19: =V16*$G$19 -> 6 | Y19: =X16*$G$19 -> 6 | AA19: =Z16*$G$19 -> 6 | AC19: =AB16*$G$19 -> 6 | AE19: =AD16*$G$19 -> 6 | AG19: =AF16*$G$19 -> 6 | AI19: =AH16*$G$19 -> 4 | AK19: =AJ16*$G$19 -> 4 | AM19: =AL16*$G$19 -> 4 | AO19: =AN16*$G$19 -> 4 | AQ19: =AP16*$G$19 -> 4 | AS19: =AR16*$G$19 -> 4 | AU19: =AT16*$G$19 -> 4 | AW19: =AV16*$G$19 -> 4 | AY19: =AX16*$G$19 -> 4 | BA19: =AZ16*$G$19 -> 4 | BC19: =BB16*$G$19 -> 4 | BE19: =BD16*$G$19 -> 4 | BG19: =BF16*$G$19 -> 4 | BI19: =BH16*$G$19 -> 4 | BK19: =BJ16*$G$19 -> 4 | BM19: =BL16*$G$19 -> 4 | BO19: =BN16*$G$19 -> 4 | BQ19: =BP16*$G$19 -> 4 | BS19: =BR16*$G$19 -> 4 | BU19: =BT16*$G$19 -> 4 | BW19: =BV16*$G$19 -> 4 | BY19: =BX16*$G$19 -> 4 | CA19: =BZ16*$G$19 -> 4 | CC19: =CB16*$G$19 -> 4 | CE19: =CD16*$G$19 -> 4 | CG19: =CF16*$G$19 -> 4 | CI19: =CH16*$G$19 -> 4 | CK19: =CJ16*$G$19 -> 2 | CM19: =CL16*$G$19 -> 2 | CO19: =CN16*$G$19 -> 2 | CQ19: =CP16*$G$19 -> 2 | CS19: =CR16*$G$19 -> 2 | CU19: =CT16*$G$19 -> 2 | CW19: =CV16*$G$19 -> 2 | CY19: =CX16*$G$19 -> 2 | DA19: =CZ16*$G$19 -> 2 | DC19: =DB16*$G$19 -> 2 | DE19: =DD16*$G$19 -> 2 | DG19: =DF16*$G$19 -> 2 | DI19: =DH16*$G$19 -> 2 | DK19: =DJ16*$G$19 -> 2 | DM19: =DL16*$G$19 -> 2 | DO19: =DN16*$G$19 -> 2 | DQ19: =DP16*$G$19 -> 2 | DS19: =DR16*$G$19 -> 2 | DU19: =DT16*$G$19 -> 2 | DW19: =DV16*$G$19 -> 2 | DY19: =DX16*$G$19 -> 2 | EA19: =DZ16*$G$19 -> 2 | EC19: =EB16*$G$19 -> 2 | EE19: =ED16*$G$19 -> 2 | EG19: =EF16*$G$19 -> 2 | EI19: =EH16*$G$19 -> 2 | EK19: =EJ16*$G$19 -> 2 | EM19: =EL16*$G$19 -> 2 | EO19: =EN16*$G$19 -> 2 | EQ19: =EP16*$G$19 -> 2 | ES19: =ER16*$G$19 -> 2 | EU19: =ET16*$G$19 -> 2 | EW19: =EV16*$G$19 -> 2 | EY19: =EX16*$G$19 -> 2 | FA19: =EZ16*$G$19 -> 2 | FC19: =FB16*$G$19 -> 2 | FE19: =FD16*$G$19 -> 2 | FG19: =FF16*$G$19 -> 2 | FI19: =FH16*$G$19 -> 2 | FK19: =FJ16*$G$19 -> 2 | FM19: =FL16*$G$19 -> 2 | FO19: =FN16*$G$19 -> 2 | FQ19: =FP16*$G$19 -> 2
A20: CAMISA LISTRAS BRANCAS | B20: 913 | C20: 9E | D20: LISTRA BRANCA | E20: 109130019E5 | F20: 5 | G20: 1 | I20: =H16*G20 -> 136 | K20: =J16*$G$20 -> 3 | M20: =L16*$G$20 -> 3 | O20: =N16*$G$20 -> 3 | Q20: =P16*$G$20 -> 3 | S20: =R16*$G$20 -> 3 | U20: =T16*$G$20 -> 3 | W20: =V16*$G$20 -> 3 | Y20: =X16*$G$20 -> 3 | AA20: =Z16*$G$20 -> 3 | AC20: =AB16*$G$20 -> 3 | AE20: =AD16*$G$20 -> 3 | AG20: =AF16*$G$20 -> 3 | AI20: =AH16*$G$20 -> 2 | AK20: =AJ16*$G$20 -> 2 | AM20: =AL16*$G$20 -> 2 | AO20: =AN16*$G$20 -> 2 | AQ20: =AP16*$G$20 -> 2 | AS20: =AR16*$G$20 -> 2 | AU20: =AT16*$G$20 -> 2 | AW20: =AV16*$G$20 -> 2 | AY20: =AX16*$G$20 -> 2 | BA20: =AZ16*$G$20 -> 2 | BC20: =BB16*$G$20 -> 2 | BE20: =BD16*$G$20 -> 2 | BG20: =BF16*$G$20 -> 2 | BI20: =BH16*$G$20 -> 2 | BK20: =BJ16*$G$20 -> 2 | BM20: =BL16*$G$20 -> 2 | BO20: =BN16*$G$20 -> 2 | BQ20: =BP16*$G$20 -> 2 | BS20: =BR16*$G$20 -> 2 | BU20: =BT16*$G$20 -> 2 | BW20: =BV16*$G$20 -> 2 | BY20: =BX16*$G$20 -> 2 | CA20: =BZ16*$G$20 -> 2 | CC20: =CB16*$G$20 -> 2 | CE20: =CD16*$G$20 -> 2 | CG20: =CF16*$G$20 -> 2 | CI20: =CH16*$G$20 -> 2 | CK20: =CJ16*$G$20 -> 1 | CM20: =CL16*$G$20 -> 1 | CO20: =CN16*$G$20 -> 1 | CQ20: =CP16*$G$20 -> 1 | CS20: =CR16*$G$20 -> 1 | CU20: =CT16*$G$20 -> 1 | CW20: =CV16*$G$20 -> 1 | CY20: =CX16*$G$20 -> 1 | DA20: =CZ16*$G$20 -> 1 | DC20: =DB16*$G$20 -> 1 | DE20: =DD16*$G$20 -> 1 | DG20: =DF16*$G$20 -> 1 | DI20: =DH16*$G$20 -> 1 | DK20: =DJ16*$G$20 -> 1 | DM20: =DL16*$G$20 -> 1 | DO20: =DN16*$G$20 -> 1 | DQ20: =DP16*$G$20 -> 1 | DS20: =DR16*$G$20 -> 1 | DU20: =DT16*$G$20 -> 1 | DW20: =DV16*$G$20 -> 1 | DY20: =DX16*$G$20 -> 1 | EA20: =DZ16*$G$20 -> 1 | EC20: =EB16*$G$20 -> 1 | EE20: =ED16*$G$20 -> 1 | EG20: =EF16*$G$20 -> 1 | EI20: =EH16*$G$20 -> 1 | EK20: =EJ16*$G$20 -> 1 | EM20: =EL16*$G$20 -> 1 | EO20: =EN16*$G$20 -> 1 | EQ20: =EP16*$G$20 -> 1 | ES20: =ER16*$G$20 -> 1 | EU20: =ET16*$G$20 -> 1 | EW20: =EV16*$G$20 -> 1 | EY20: =EX16*$G$20 -> 1 | FA20: =EZ16*$G$20 -> 1 | FC20: =FB16*$G$20 -> 1 | FE20: =FD16*$G$20 -> 1 | FG20: =FF16*$G$20 -> 1 | FI20: =FH16*$G$20 -> 1 | FK20: =FJ16*$G$20 -> 1 | FM20: =FL16*$G$20 -> 1 | FO20: =FN16*$G$20 -> 1 | FQ20: =FP16*$G$20 -> 1
A21: CAMISA LISTRAS BRANCAS | B21: 913 | C21: 9E | D21: LISTRA BRANCA | E21: 109130019E6 | F21: 6 | G21: 0 | I21: =H16*G21 -> 0 | K21: =J16*$G$21 -> 0 | M21: =L16*$G$21 -> 0 | O21: =N16*$G$21 -> 0 | Q21: =P16*$G$21 -> 0 | S21: =R16*$G$21 -> 0 | U21: =T16*$G$21 -> 0 | W21: =V16*$G$21 -> 0 | Y21: =X16*$G$21 -> 0 | AA21: =Z16*$G$21 -> 0 | AC21: =AB16*$G$21 -> 0 | AE21: =AD16*$G$21 -> 0 | AG21: =AF16*$G$21 -> 0 | AI21: =AH16*$G$21 -> 0 | AK21: =AJ16*$G$21 -> 0 | AM21: =AL16*$G$21 -> 0 | AO21: =AN16*$G$21 -> 0 | AQ21: =AP16*$G$21 -> 0 | AS21: =AR16*$G$21 -> 0 | AU21: =AT16*$G$21 -> 0 | AW21: =AV16*$G$21 -> 0 | AY21: =AX16*$G$21 -> 0 | BA21: =AZ16*$G$21 -> 0 | BC21: =BB16*$G$21 -> 0 | BE21: =BD16*$G$21 -> 0 | BG21: =BF16*$G$21 -> 0 | BI21: =BH16*$G$21 -> 0 | BK21: =BJ16*$G$21 -> 0 | BM21: =BL16*$G$21 -> 0 | BO21: =BN16*$G$21 -> 0 | BQ21: =BP16*$G$21 -> 0 | BS21: =BR16*$G$21 -> 0 | BU21: =BT16*$G$21 -> 0 | BW21: =BV16*$G$21 -> 0 | BY21: =BX16*$G$21 -> 0 | CA21: =BZ16*$G$21 -> 0 | CC21: =CB16*$G$21 -> 0 | CE21: =CD16*$G$21 -> 0 | CG21: =CF16*$G$21 -> 0 | CI21: =CH16*$G$21 -> 0 | CK21: =CJ16*$G$21 -> 0 | CM21: =CL16*$G$21 -> 0 | CO21: =CN16*$G$21 -> 0 | CQ21: =CP16*$G$21 -> 0 | CS21: =CR16*$G$21 -> 0 | CU21: =CT16*$G$21 -> 0 | CW21: =CV16*$G$21 -> 0 | CY21: =CX16*$G$21 -> 0 | DA21: =CZ16*$G$21 -> 0 | DC21: =DB16*$G$21 -> 0 | DE21: =DD16*$G$21 -> 0 | DG21: =DF16*$G$21 -> 0 | DI21: =DH16*$G$21 -> 0 | DK21: =DJ16*$G$21 -> 0 | DM21: =DL16*$G$21 -> 0 | DO21: =DN16*$G$21 -> 0 | DQ21: =DP16*$G$21 -> 0 | DS21: =DR16*$G$21 -> 0 | DU21: =DT16*$G$21 -> 0 | DW21: =DV16*$G$21 -> 0 | DY21: =DX16*$G$21 -> 0 | EA21: =DZ16*$G$21 -> 0 | EC21: =EB16*$G$21 -> 0 | EE21: =ED16*$G$21 -> 0 | EG21: =EF16*$G$21 -> 0 | EI21: =EH16*$G$21 -> 0 | EK21: =EJ16*$G$21 -> 0 | EM21: =EL16*$G$21 -> 0 | EO21: =EN16*$G$21 -> 0 | EQ21: =EP16*$G$21 -> 0 | ES21: =ER16*$G$21 -> 0 | EU21: =ET16*$G$21 -> 0 | EW21: =EV16*$G$21 -> 0 | EY21: =EX16*$G$21 -> 0 | FA21: =EZ16*$G$21 -> 0 | FC21: =FB16*$G$21 -> 0 | FE21: =FD16*$G$21 -> 0 | FG21: =FF16*$G$21 -> 0 | FI21: =FH16*$G$21 -> 0 | FK21: =FJ16*$G$21 -> 0 | FM21: =FL16*$G$21 -> 0 | FO21: =FN16*$G$21 -> 0 | FQ21: =FP16*$G$21 -> 0
A22: CAMISA LISTRAS BRANCAS | B22: 913 | C22: 9C | D22: LISTRA BRANCA | E22: 109130019C1 | F22: 1 | G22: 0 | H22: 1305 | I22: =H22*G22 -> 0 | J22: 10 | K22: =J22*$G$22 -> 0 | L22: 10 | M22: =L22*$G$22 -> 0 | N22: 10 | O22: =N22*$G$22 -> 0 | P22: 10 | Q22: =P22*$G$22 -> 0 | R22: 10 | S22: =R22*$G$22 -> 0 | T22: 10 | U22: =T22*$G$22 -> 0 | V22: 10 | W22: =V22*$G$22 -> 0 | X22: 10 | Y22: =X22*$G$22 -> 0 | Z22: 10 | AA22: =Z22*$G$22 -> 0 | AB22: 10 | AC22: =AB22*$G$22 -> 0 | AD22: 10 | AE22: =AD22*$G$22 -> 0 | AF22: 10 | AG22: =AF22*$G$22 -> 0 | AH22: 10 | AI22: =AH22*$G$22 -> 0 | AJ22: 8 | AK22: =AJ22*$G$22 -> 0 | AL22: 8 | AM22: =AL22*$G$22 -> 0 | AN22: 8 | AO22: =AN22*$G$22 -> 0 | AP22: 8 | AQ22: =AP22*$G$22 -> 0 | AR22: 8 | AS22: =AR22*$G$22 -> 0 | AT22: 8 | AU22: =AT22*$G$22 -> 0 | AV22: 8 | AW22: =AV22*$G$22 -> 0 | AX22: 8 | AY22: =AX22*$G$22 -> 0 | AZ22: 8 | BA22: =AZ22*$G$22 -> 0 | BB22: 8 | BC22: =BB22*$G$22 -> 0 | BD22: 8 | BE22: =BD22*$G$22 -> 0 | BF22: 8 | BG22: =BF22*$G$22 -> 0 | BH22: 8 | BI22: =BH22*$G$22 -> 0 | BJ22: 8 | BK22: =BJ22*$G$22 -> 0 | BL22: 8 | BM22: =BL22*$G$22 -> 0 | BN22: 8 | BO22: =BN22*$G$22 -> 0 | BP22: 8 | BQ22: =BP22*$G$22 -> 0 | BR22: 8 | BS22: =BR22*$G$22 -> 0 | BT22: 8 | BU22: =BT22*$G$22 -> 0 | BV22: 8 | BW22: =BV22*$G$22 -> 0 | BX22: 8 | BY22: =BX22*$G$22 -> 0 | BZ22: 8 | CA22: =BZ22*$G$22 -> 0 | CB22: 8 | CC22: =CB22*$G$22 -> 0 | CD22: 8 | CE22: =CD22*$G$22 -> 0 | CF22: 8 | CG22: =CF22*$G$22 -> 0 | CH22: 8 | CI22: =CH22*$G$22 -> 0 | CJ22: 8 | CK22: =CJ22*$G$22 -> 0 | CL22: 8 | CM22: =CL22*$G$22 -> 0 | CN22: 8 | CO22: =CN22*$G$22 -> 0 | CP22: 8 | CQ22: =CP22*$G$22 -> 0 | CR22: 8 | CS22: =CR22*$G$22 -> 0 | CT22: 8 | CU22: =CT22*$G$22 -> 0 | CV22: 8 | CW22: =CV22*$G$22 -> 0 | CX22: 8 | CY22: =CX22*$G$22 -> 0 | CZ22: 8 | DA22: =CZ22*$G$22 -> 0 | DB22: 8 | DC22: =DB22*$G$22 -> 0 | DD22: 8 | DE22: =DD22*$G$22 -> 0 | DF22: 8 | DG22: =DF22*$G$22 -> 0 | DH22: 8 | DI22: =DH22*$G$22 -> 0 | DJ22: 8 | DK22: =DJ22*$G$22 -> 0 | DL22: 8 | DM22: =DL22*$G$22 -> 0 | DN22: 8 | DO22: =DN22*$G$22 -> 0 | DP22: 8 | DQ22: =DP22*$G$22 -> 0 | DR22: 8 | DS22: =DR22*$G$22 -> 0 | DT22: 8 | DU22: =DT22*$G$22 -> 0 | DV22: 8 | DW22: =DV22*$G$22 -> 0 | DX22: 8 | DY22: =DX22*$G$22 -> 0 | DZ22: 8 | EA22: =DZ22*$G$22 -> 0 | EB22: 8 | EC22: =EB22*$G$22 -> 0 | ED22: 8 | EE22: =ED22*$G$22 -> 0 | EF22: 8 | EG22: =EF22*$G$22 -> 0 | EH22: 8 | EI22: =EH22*$G$22 -> 0 | EJ22: 8 | EK22: =EJ22*$G$22 -> 0 | EL22: 8 | EM22: =EL22*$G$22 -> 0 | EN22: 8 | EO22: =EN22*$G$22 -> 0 | EP22: 8 | EQ22: =EP22*$G$22 -> 0 | ER22: 8 | ES22: =ER22*$G$22 -> 0 | ET22: 8 | EU22: =ET22*$G$22 -> 0 | EV22: 8 | EW22: =EV22*$G$22 -> 0 | EX22: 8 | EY22: =EX22*$G$22 -> 0 | EZ22: 8 | FA22: =EZ22*$G$22 -> 0 | FB22: 8 | FC22: =FB22*$G$22 -> 0 | FD22: 8 | FE22: =FD22*$G$22 -> 0 | FF22: 8 | FG22: =FF22*$G$22 -> 0 | FH22: 8 | FI22: =FH22*$G$22 -> 0 | FJ22: 8 | FK22: =FJ22*$G$22 -> 0 | FL22: 8 | FM22: =FL22*$G$22 -> 0 | FN22: 8 | FO22: =FN22*$G$22 -> 0 | FP22: 8 | FQ22: =FP22*$G$22 -> 0
A23: CAMISA LISTRAS BRANCAS | B23: 913 | C23: 9C | D23: LISTRA BRANCA | E23: 109130019C2 | F23: 2 | G23: 6 | I23: =H22*G23 -> 7830 | K23: =J22*$G$23 -> 60 | M23: =L22*$G$23 -> 60 | O23: =N22*$G$23 -> 60 | Q23: =P22*$G$23 -> 60 | S23: =R22*$G$23 -> 60 | U23: =T22*$G$23 -> 60 | W23: =V22*$G$23 -> 60 | Y23: =X22*$G$23 -> 60 | AA23: =Z22*$G$23 -> 60 | AC23: =AB22*$G$23 -> 60 | AE23: =AD22*$G$23 -> 60 | AG23: =AF22*$G$23 -> 60 | AI23: =AH22*$G$23 -> 60 | AK23: =AJ22*$G$23 -> 48 | AM23: =AL22*$G$23 -> 48 | AO23: =AN22*$G$23 -> 48 | AQ23: =AP22*$G$23 -> 48 | AS23: =AR22*$G$23 -> 48 | AU23: =AT22*$G$23 -> 48 | AW23: =AV22*$G$23 -> 48 | AY23: =AX22*$G$23 -> 48 | BA23: =AZ22*$G$23 -> 48 | BC23: =BB22*$G$23 -> 48 | BE23: =BD22*$G$23 -> 48 | BG23: =BF22*$G$23 -> 48 | BI23: =BH22*$G$23 -> 48 | BK23: =BJ22*$G$23 -> 48 | BM23: =BL22*$G$23 -> 48 | BO23: =BN22*$G$23 -> 48 | BQ23: =BP22*$G$23 -> 48 | BS23: =BR22*$G$23 -> 48 | BU23: =BT22*$G$23 -> 48 | BW23: =BV22*$G$23 -> 48 | BY23: =BX22*$G$23 -> 48 | CA23: =BZ22*$G$23 -> 48 | CC23: =CB22*$G$23 -> 48 | CE23: =CD22*$G$23 -> 48 | CG23: =CF22*$G$23 -> 48 | CI23: =CH22*$G$23 -> 48 | CK23: =CJ22*$G$23 -> 48 | CM23: =CL22*$G$23 -> 48 | CO23: =CN22*$G$23 -> 48 | CQ23: =CP22*$G$23 -> 48 | CS23: =CR22*$G$23 -> 48 | CU23: =CT22*$G$23 -> 48 | CW23: =CV22*$G$23 -> 48 | CY23: =CX22*$G$23 -> 48 | DA23: =CZ22*$G$23 -> 48 | DC23: =DB22*$G$23 -> 48 | DE23: =DD22*$G$23 -> 48 | DG23: =DF22*$G$23 -> 48 | DI23: =DH22*$G$23 -> 48 | DK23: =DJ22*$G$23 -> 48 | DM23: =DL22*$G$23 -> 48 | DO23: =DN22*$G$23 -> 48 | DQ23: =DP22*$G$23 -> 48 | DS23: =DR22*$G$23 -> 48 | DU23: =DT22*$G$23 -> 48 | DW23: =DV22*$G$23 -> 48 | DY23: =DX22*$G$23 -> 48 | EA23: =DZ22*$G$23 -> 48 | EC23: =EB22*$G$23 -> 48 | EE23: =ED22*$G$23 -> 48 | EG23: =EF22*$G$23 -> 48 | EI23: =EH22*$G$23 -> 48 | EK23: =EJ22*$G$23 -> 48 | EM23: =EL22*$G$23 -> 48 | EO23: =EN22*$G$23 -> 48 | EQ23: =EP22*$G$23 -> 48 | ES23: =ER22*$G$23 -> 48 | EU23: =ET22*$G$23 -> 48 | EW23: =EV22*$G$23 -> 48 | EY23: =EX22*$G$23 -> 48 | FA23: =EZ22*$G$23 -> 48 | FC23: =FB22*$G$23 -> 48 | FE23: =FD22*$G$23 -> 48 | FG23: =FF22*$G$23 -> 48 | FI23: =FH22*$G$23 -> 48 | FK23: =FJ22*$G$23 -> 48 | FM23: =FL22*$G$23 -> 48 | FO23: =FN22*$G$23 -> 48 | FQ23: =FP22*$G$23 -> 48
A24: CAMISA LISTRAS BRANCAS | B24: 913 | C24: 9C | D24: LISTRA BRANCA | E24: 109130019C3 | F24: 3 | G24: 2 | I24: =H22*G24 -> 2610 | K24: =J22*$G$24 -> 20 | M24: =L22*$G$24 -> 20 | O24: =N22*$G$24 -> 20 | Q24: =P22*$G$24 -> 20 | S24: =R22*$G$24 -> 20 | U24: =T22*$G$24 -> 20 | W24: =V22*$G$24 -> 20 | Y24: =X22*$G$24 -> 20 | AA24: =Z22*$G$24 -> 20 | AC24: =AB22*$G$24 -> 20 | AE24: =AD22*$G$24 -> 20 | AG24: =AF22*$G$24 -> 20 | AI24: =AH22*$G$24 -> 20 | AK24: =AJ22*$G$24 -> 16 | AM24: =AL22*$G$24 -> 16 | AO24: =AN22*$G$24 -> 16 | AQ24: =AP22*$G$24 -> 16 | AS24: =AR22*$G$24 -> 16 | AU24: =AT22*$G$24 -> 16 | AW24: =AV22*$G$24 -> 16 | AY24: =AX22*$G$24 -> 16 | BA24: =AZ22*$G$24 -> 16 | BC24: =BB22*$G$24 -> 16 | BE24: =BD22*$G$24 -> 16 | BG24: =BF22*$G$24 -> 16 | BI24: =BH22*$G$24 -> 16 | BK24: =BJ22*$G$24 -> 16 | BM24: =BL22*$G$24 -> 16 | BO24: =BN22*$G$24 -> 16 | BQ24: =BP22*$G$24 -> 16 | BS24: =BR22*$G$24 -> 16 | BU24: =BT22*$G$24 -> 16 | BW24: =BV22*$G$24 -> 16 | BY24: =BX22*$G$24 -> 16 | CA24: =BZ22*$G$24 -> 16 | CC24: =CB22*$G$24 -> 16 | CE24: =CD22*$G$24 -> 16 | CG24: =CF22*$G$24 -> 16 | CI24: =CH22*$G$24 -> 16 | CK24: =CJ22*$G$24 -> 16 | CM24: =CL22*$G$24 -> 16 | CO24: =CN22*$G$24 -> 16 | CQ24: =CP22*$G$24 -> 16 | CS24: =CR22*$G$24 -> 16 | CU24: =CT22*$G$24 -> 16 | CW24: =CV22*$G$24 -> 16 | CY24: =CX22*$G$24 -> 16 | DA24: =CZ22*$G$24 -> 16 | DC24: =DB22*$G$24 -> 16 | DE24: =DD22*$G$24 -> 16 | DG24: =DF22*$G$24 -> 16 | DI24: =DH22*$G$24 -> 16 | DK24: =DJ22*$G$24 -> 16 | DM24: =DL22*$G$24 -> 16 | DO24: =DN22*$G$24 -> 16 | DQ24: =DP22*$G$24 -> 16 | DS24: =DR22*$G$24 -> 16 | DU24: =DT22*$G$24 -> 16 | DW24: =DV22*$G$24 -> 16 | DY24: =DX22*$G$24 -> 16 | EA24: =DZ22*$G$24 -> 16 | EC24: =EB22*$G$24 -> 16 | EE24: =ED22*$G$24 -> 16 | EG24: =EF22*$G$24 -> 16 | EI24: =EH22*$G$24 -> 16 | EK24: =EJ22*$G$24 -> 16 | EM24: =EL22*$G$24 -> 16 | EO24: =EN22*$G$24 -> 16 | EQ24: =EP22*$G$24 -> 16 | ES24: =ER22*$G$24 -> 16 | EU24: =ET22*$G$24 -> 16 | EW24: =EV22*$G$24 -> 16 | EY24: =EX22*$G$24 -> 16 | FA24: =EZ22*$G$24 -> 16 | FC24: =FB22*$G$24 -> 16 | FE24: =FD22*$G$24 -> 16 | FG24: =FF22*$G$24 -> 16 | FI24: =FH22*$G$24 -> 16 | FK24: =FJ22*$G$24 -> 16 | FM24: =FL22*$G$24 -> 16 | FO24: =FN22*$G$24 -> 16 | FQ24: =FP22*$G$24 -> 16
A25: CAMISA LISTRAS BRANCAS | B25: 913 | C25: 9C | D25: LISTRA BRANCA | E25: 109130019C4 | F25: 4 | G25: 2 | I25: =H22*G25 -> 2610 | K25: =J22*$G$25 -> 20 | M25: =L22*$G$25 -> 20 | O25: =N22*$G$25 -> 20 | Q25: =P22*$G$25 -> 20 | S25: =R22*$G$25 -> 20 | U25: =T22*$G$25 -> 20 | W25: =V22*$G$25 -> 20 | Y25: =X22*$G$25 -> 20 | AA25: =Z22*$G$25 -> 20 | AC25: =AB22*$G$25 -> 20 | AE25: =AD22*$G$25 -> 20 | AG25: =AF22*$G$25 -> 20 | AI25: =AH22*$G$25 -> 20 | AK25: =AJ22*$G$25 -> 16 | AM25: =AL22*$G$25 -> 16 | AO25: =AN22*$G$25 -> 16 | AQ25: =AP22*$G$25 -> 16 | AS25: =AR22*$G$25 -> 16 | AU25: =AT22*$G$25 -> 16 | AW25: =AV22*$G$25 -> 16 | AY25: =AX22*$G$25 -> 16 | BA25: =AZ22*$G$25 -> 16 | BC25: =BB22*$G$25 -> 16 | BE25: =BD22*$G$25 -> 16 | BG25: =BF22*$G$25 -> 16 | BI25: =BH22*$G$25 -> 16 | BK25: =BJ22*$G$25 -> 16 | BM25: =BL22*$G$25 -> 16 | BO25: =BN22*$G$25 -> 16 | BQ25: =BP22*$G$25 -> 16 | BS25: =BR22*$G$25 -> 16 | BU25: =BT22*$G$25 -> 16 | BW25: =BV22*$G$25 -> 16 | BY25: =BX22*$G$25 -> 16 | CA25: =BZ22*$G$25 -> 16 | CC25: =CB22*$G$25 -> 16 | CE25: =CD22*$G$25 -> 16 | CG25: =CF22*$G$25 -> 16 | CI25: =CH22*$G$25 -> 16 | CK25: =CJ22*$G$25 -> 16 | CM25: =CL22*$G$25 -> 16 | CO25: =CN22*$G$25 -> 16 | CQ25: =CP22*$G$25 -> 16 | CS25: =CR22*$G$25 -> 16 | CU25: =CT22*$G$25 -> 16 | CW25: =CV22*$G$25 -> 16 | CY25: =CX22*$G$25 -> 16 | DA25: =CZ22*$G$25 -> 16 | DC25: =DB22*$G$25 -> 16 | DE25: =DD22*$G$25 -> 16 | DG25: =DF22*$G$25 -> 16 | DI25: =DH22*$G$25 -> 16 | DK25: =DJ22*$G$25 -> 16 | DM25: =DL22*$G$25 -> 16 | DO25: =DN22*$G$25 -> 16 | DQ25: =DP22*$G$25 -> 16 | DS25: =DR22*$G$25 -> 16 | DU25: =DT22*$G$25 -> 16 | DW25: =DV22*$G$25 -> 16 | DY25: =DX22*$G$25 -> 16 | EA25: =DZ22*$G$25 -> 16 | EC25: =EB22*$G$25 -> 16 | EE25: =ED22*$G$25 -> 16 | EG25: =EF22*$G$25 -> 16 | EI25: =EH22*$G$25 -> 16 | EK25: =EJ22*$G$25 -> 16 | EM25: =EL22*$G$25 -> 16 | EO25: =EN22*$G$25 -> 16 | EQ25: =EP22*$G$25 -> 16 | ES25: =ER22*$G$25 -> 16 | EU25: =ET22*$G$25 -> 16 | EW25: =EV22*$G$25 -> 16 | EY25: =EX22*$G$25 -> 16 | FA25: =EZ22*$G$25 -> 16 | FC25: =FB22*$G$25 -> 16 | FE25: =FD22*$G$25 -> 16 | FG25: =FF22*$G$25 -> 16 | FI25: =FH22*$G$25 -> 16 | FK25: =FJ22*$G$25 -> 16 | FM25: =FL22*$G$25 -> 16 | FO25: =FN22*$G$25 -> 16 | FQ25: =FP22*$G$25 -> 16
A26: CAMISA LISTRAS BRANCAS | B26: 913 | C26: 9C | D26: LISTRA BRANCA | E26: 109130019C5 | F26: 5 | G26: 0 | I26: =H22*G26 -> 0 | K26: =J22*$G$26 -> 0 | M26: =L22*$G$26 -> 0 | O26: =N22*$G$26 -> 0 | Q26: =P22*$G$26 -> 0 | S26: =R22*$G$26 -> 0 | U26: =T22*$G$26 -> 0 | W26: =V22*$G$26 -> 0 | Y26: =X22*$G$26 -> 0 | AA26: =Z22*$G$26 -> 0 | AC26: =AB22*$G$26 -> 0 | AE26: =AD22*$G$26 -> 0 | AG26: =AF22*$G$26 -> 0 | AI26: =AH22*$G$26 -> 0 | AK26: =AJ22*$G$26 -> 0 | AM26: =AL22*$G$26 -> 0 | AO26: =AN22*$G$26 -> 0 | AQ26: =AP22*$G$26 -> 0 | AS26: =AR22*$G$26 -> 0 | AU26: =AT22*$G$26 -> 0 | AW26: =AV22*$G$26 -> 0 | AY26: =AX22*$G$26 -> 0 | BA26: =AZ22*$G$26 -> 0 | BC26: =BB22*$G$26 -> 0 | BE26: =BD22*$G$26 -> 0 | BG26: =BF22*$G$26 -> 0 | BI26: =BH22*$G$26 -> 0 | BK26: =BJ22*$G$26 -> 0 | BM26: =BL22*$G$26 -> 0 | BO26: =BN22*$G$26 -> 0 | BQ26: =BP22*$G$26 -> 0 | BS26: =BR22*$G$26 -> 0 | BU26: =BT22*$G$26 -> 0 | BW26: =BV22*$G$26 -> 0 | BY26: =BX22*$G$26 -> 0 | CA26: =BZ22*$G$26 -> 0 | CC26: =CB22*$G$26 -> 0 | CE26: =CD22*$G$26 -> 0 | CG26: =CF22*$G$26 -> 0 | CI26: =CH22*$G$26 -> 0 | CK26: =CJ22*$G$26 -> 0 | CM26: =CL22*$G$26 -> 0 | CO26: =CN22*$G$26 -> 0 | CQ26: =CP22*$G$26 -> 0 | CS26: =CR22*$G$26 -> 0 | CU26: =CT22*$G$26 -> 0 | CW26: =CV22*$G$26 -> 0 | CY26: =CX22*$G$26 -> 0 | DA26: =CZ22*$G$26 -> 0 | DC26: =DB22*$G$26 -> 0 | DE26: =DD22*$G$26 -> 0 | DG26: =DF22*$G$26 -> 0 | DI26: =DH22*$G$26 -> 0 | DK26: =DJ22*$G$26 -> 0 | DM26: =DL22*$G$26 -> 0 | DO26: =DN22*$G$26 -> 0 | DQ26: =DP22*$G$26 -> 0 | DS26: =DR22*$G$26 -> 0 | DU26: =DT22*$G$26 -> 0 | DW26: =DV22*$G$26 -> 0 | DY26: =DX22*$G$26 -> 0 | EA26: =DZ22*$G$26 -> 0 | EC26: =EB22*$G$26 -> 0 | EE26: =ED22*$G$26 -> 0 | EG26: =EF22*$G$26 -> 0 | EI26: =EH22*$G$26 -> 0 | EK26: =EJ22*$G$26 -> 0 | EM26: =EL22*$G$26 -> 0 | EO26: =EN22*$G$26 -> 0 | EQ26: =EP22*$G$26 -> 0 | ES26: =ER22*$G$26 -> 0 | EU26: =ET22*$G$26 -> 0 | EW26: =EV22*$G$26 -> 0 | EY26: =EX22*$G$26 -> 0 | FA26: =EZ22*$G$26 -> 0 | FC26: =FB22*$G$26 -> 0 | FE26: =FD22*$G$26 -> 0 | FG26: =FF22*$G$26 -> 0 | FI26: =FH22*$G$26 -> 0 | FK26: =FJ22*$G$26 -> 0 | FM26: =FL22*$G$26 -> 0 | FO26: =FN22*$G$26 -> 0 | FQ26: =FP22*$G$26 -> 0
A27: CAMISA LISTRAS BRANCAS | B27: 913 | C27: 9C | D27: LISTRA BRANCA | E27: 109130019C6 | F27: 6 | G27: 0 | I27: =H22*G27 -> 0 | K27: =J22*$G$27 -> 0 | M27: =L22*$G$27 -> 0 | O27: =N22*$G$27 -> 0 | Q27: =P22*$G$27 -> 0 | S27: =R22*$G$27 -> 0 | U27: =T22*$G$27 -> 0 | W27: =V22*$G$27 -> 0 | Y27: =X22*$G$27 -> 0 | AA27: =Z22*$G$27 -> 0 | AC27: =AB22*$G$27 -> 0 | AE27: =AD22*$G$27 -> 0 | AG27: =AF22*$G$27 -> 0 | AI27: =AH22*$G$27 -> 0 | AK27: =AJ22*$G$27 -> 0 | AM27: =AL22*$G$27 -> 0 | AO27: =AN22*$G$27 -> 0 | AQ27: =AP22*$G$27 -> 0 | AS27: =AR22*$G$27 -> 0 | AU27: =AT22*$G$27 -> 0 | AW27: =AV22*$G$27 -> 0 | AY27: =AX22*$G$27 -> 0 | BA27: =AZ22*$G$27 -> 0 | BC27: =BB22*$G$27 -> 0 | BE27: =BD22*$G$27 -> 0 | BG27: =BF22*$G$27 -> 0 | BI27: =BH22*$G$27 -> 0 | BK27: =BJ22*$G$27 -> 0 | BM27: =BL22*$G$27 -> 0 | BO27: =BN22*$G$27 -> 0 | BQ27: =BP22*$G$27 -> 0 | BS27: =BR22*$G$27 -> 0 | BU27: =BT22*$G$27 -> 0 | BW27: =BV22*$G$27 -> 0 | BY27: =BX22*$G$27 -> 0 | CA27: =BZ22*$G$27 -> 0 | CC27: =CB22*$G$27 -> 0 | CE27: =CD22*$G$27 -> 0 | CG27: =CF22*$G$27 -> 0 | CI27: =CH22*$G$27 -> 0 | CK27: =CJ22*$G$27 -> 0 | CM27: =CL22*$G$27 -> 0 | CO27: =CN22*$G$27 -> 0 | CQ27: =CP22*$G$27 -> 0 | CS27: =CR22*$G$27 -> 0 | CU27: =CT22*$G$27 -> 0 | CW27: =CV22*$G$27 -> 0 | CY27: =CX22*$G$27 -> 0 | DA27: =CZ22*$G$27 -> 0 | DC27: =DB22*$G$27 -> 0 | DE27: =DD22*$G$27 -> 0 | DG27: =DF22*$G$27 -> 0 | DI27: =DH22*$G$27 -> 0 | DK27: =DJ22*$G$27 -> 0 | DM27: =DL22*$G$27 -> 0 | DO27: =DN22*$G$27 -> 0 | DQ27: =DP22*$G$27 -> 0 | DS27: =DR22*$G$27 -> 0 | DU27: =DT22*$G$27 -> 0 | DW27: =DV22*$G$27 -> 0 | DY27: =DX22*$G$27 -> 0 | EA27: =DZ22*$G$27 -> 0 | EC27: =EB22*$G$27 -> 0 | EE27: =ED22*$G$27 -> 0 | EG27: =EF22*$G$27 -> 0 | EI27: =EH22*$G$27 -> 0 | EK27: =EJ22*$G$27 -> 0 | EM27: =EL22*$G$27 -> 0 | EO27: =EN22*$G$27 -> 0 | EQ27: =EP22*$G$27 -> 0 | ES27: =ER22*$G$27 -> 0 | EU27: =ET22*$G$27 -> 0 | EW27: =EV22*$G$27 -> 0 | EY27: =EX22*$G$27 -> 0 | FA27: =EZ22*$G$27 -> 0 | FC27: =FB22*$G$27 -> 0 | FE27: =FD22*$G$27 -> 0 | FG27: =FF22*$G$27 -> 0 | FI27: =FH22*$G$27 -> 0 | FK27: =FJ22*$G$27 -> 0 | FM27: =FL22*$G$27 -> 0 | FO27: =FN22*$G$27 -> 0 | FQ27: =FP22*$G$27 -> 0
A28: CAMISAS LISTRAS PRETAS | B28: 913 | C28: 9P | D28: LISTRA PRETA | E28: 109130019P1 | F28: 1 | G28: 0 | H28: 520 | I28: =H28*G28 -> 0 | J28: 4 | K28: =J28*$G$28 -> 0 | L28: 4 | M28: =L28*$G$28 -> 0 | N28: 4 | O28: =N28*$G$28 -> 0 | P28: 4 | Q28: =P28*$G$28 -> 0 | R28: 4 | S28: =R28*$G$28 -> 0 | T28: 4 | U28: =T28*$G$28 -> 0 | V28: 4 | W28: =V28*$G$28 -> 0 | X28: 4 | Y28: =X28*$G$28 -> 0 | Z28: 4 | AA28: =Z28*$G$28 -> 0 | AB28: 4 | AC28: =AB28*$G$28 -> 0 | AD28: 4 | AE28: =AD28*$G$28 -> 0 | AF28: 4 | AG28: =AF28*$G$28 -> 0 | AH28: 4 | AI28: =AH28*$G$28 -> 0 | AJ28: 4 | AK28: =AJ28*$G$28 -> 0 | AL28: 4 | AM28: =AL28*$G$28 -> 0 | AN28: 4 | AO28: =AN28*$G$28 -> 0 | AP28: 4 | AQ28: =AP28*$G$28 -> 0 | AR28: 4 | AS28: =AR28*$G$28 -> 0 | AT28: 4 | AU28: =AT28*$G$28 -> 0 | AV28: 3 | AW28: =AV28*$G$28 -> 0 | AX28: 3 | AY28: =AX28*$G$28 -> 0 | AZ28: 3 | BA28: =AZ28*$G$28 -> 0 | BB28: 3 | BC28: =BB28*$G$28 -> 0 | BD28: 3 | BE28: =BD28*$G$28 -> 0 | BF28: 3 | BG28: =BF28*$G$28 -> 0 | BH28: 3 | BI28: =BH28*$G$28 -> 0 | BJ28: 3 | BK28: =BJ28*$G$28 -> 0 | BL28: 3 | BM28: =BL28*$G$28 -> 0 | BN28: 3 | BO28: =BN28*$G$28 -> 0 | BP28: 3 | BQ28: =BP28*$G$28 -> 0 | BR28: 3 | BS28: =BR28*$G$28 -> 0 | BT28: 3 | BU28: =BT28*$G$28 -> 0 | BV28: 3 | BW28: =BV28*$G$28 -> 0 | BX28: 3 | BY28: =BX28*$G$28 -> 0 | BZ28: 3 | CA28: =BZ28*$G$28 -> 0 | CB28: 3 | CC28: =CB28*$G$28 -> 0 | CD28: 3 | CE28: =CD28*$G$28 -> 0 | CF28: 3 | CG28: =CF28*$G$28 -> 0 | CH28: 3 | CI28: =CH28*$G$28 -> 0 | CJ28: 3 | CK28: =CJ28*$G$28 -> 0 | CL28: 3 | CM28: =CL28*$G$28 -> 0 | CN28: 3 | CO28: =CN28*$G$28 -> 0 | CP28: 3 | CQ28: =CP28*$G$28 -> 0 | CR28: 3 | CS28: =CR28*$G$28 -> 0 | CT28: 3 | CU28: =CT28*$G$28 -> 0 | CV28: 3 | CW28: =CV28*$G$28 -> 0 | CX28: 3 | CY28: =CX28*$G$28 -> 0 | CZ28: 3 | DA28: =CZ28*$G$28 -> 0 | DB28: 3 | DC28: =DB28*$G$28 -> 0 | DD28: 3 | DE28: =DD28*$G$28 -> 0 | DF28: 3 | DG28: =DF28*$G$28 -> 0 | DH28: 3 | DI28: =DH28*$G$28 -> 0 | DJ28: 3 | DK28: =DJ28*$G$28 -> 0 | DL28: 3 | DM28: =DL28*$G$28 -> 0 | DN28: 3 | DO28: =DN28*$G$28 -> 0 | DP28: 3 | DQ28: =DP28*$G$28 -> 0 | DR28: 3 | DS28: =DR28*$G$28 -> 0 | DT28: 3 | DU28: =DT28*$G$28 -> 0 | DV28: 3 | DW28: =DV28*$G$28 -> 0 | DX28: 3 | DY28: =DX28*$G$28 -> 0 | DZ28: 3 | EA28: =DZ28*$G$28 -> 0 | EB28: 3 | EC28: =EB28*$G$28 -> 0 | ED28: 3 | EE28: =ED28*$G$28 -> 0 | EF28: 3 | EG28: =EF28*$G$28 -> 0 | EH28: 3 | EI28: =EH28*$G$28 -> 0 | EJ28: 3 | EK28: =EJ28*$G$28 -> 0 | EL28: 3 | EM28: =EL28*$G$28 -> 0 | EN28: 3 | EO28: =EN28*$G$28 -> 0 | EP28: 3 | EQ28: =EP28*$G$28 -> 0 | ER28: 3 | ES28: =ER28*$G$28 -> 0 | ET28: 3 | EU28: =ET28*$G$28 -> 0 | EV28: 3 | EW28: =EV28*$G$28 -> 0 | EX28: 3 | EY28: =EX28*$G$28 -> 0 | EZ28: 3 | FA28: =EZ28*$G$28 -> 0 | FB28: 3 | FC28: =FB28*$G$28 -> 0 | FD28: 3 | FE28: =FD28*$G$28 -> 0 | FF28: 3 | FG28: =FF28*$G$28 -> 0 | FH28: 3 | FI28: =FH28*$G$28 -> 0 | FJ28: 3 | FK28: =FJ28*$G$28 -> 0 | FL28: 3 | FM28: =FL28*$G$28 -> 0 | FN28: 3 | FO28: =FN28*$G$28 -> 0 | FP28: 2 | FQ28: =FP28*$G$28 -> 0
A29: CAMISAS LISTRAS PRETAS | B29: 913 | C29: 9P | D29: LISTRA PRETA | E29: 109130019P2 | F29: 2 | G29: 3 | I29: =H28*G29 -> 1560 | K29: =J28*$G$29 -> 12 | M29: =L28*$G$29 -> 12 | O29: =N28*$G$29 -> 12 | Q29: =P28*$G$29 -> 12 | S29: =R28*$G$29 -> 12 | U29: =T28*$G$29 -> 12 | W29: =V28*$G$29 -> 12 | Y29: =X28*$G$29 -> 12 | AA29: =Z28*$G$29 -> 12 | AC29: =AB28*$G$29 -> 12 | AE29: =AD28*$G$29 -> 12 | AG29: =AF28*$G$29 -> 12 | AI29: =AH28*$G$29 -> 12 | AK29: =AJ28*$G$29 -> 12 | AM29: =AL28*$G$29 -> 12 | AO29: =AN28*$G$29 -> 12 | AQ29: =AP28*$G$29 -> 12 | AS29: =AR28*$G$29 -> 12 | AU29: =AT28*$G$29 -> 12 | AW29: =AV28*$G$29 -> 9 | AY29: =AX28*$G$29 -> 9 | BA29: =AZ28*$G$29 -> 9 | BC29: =BB28*$G$29 -> 9 | BE29: =BD28*$G$29 -> 9 | BG29: =BF28*$G$29 -> 9 | BI29: =BH28*$G$29 -> 9 | BK29: =BJ28*$G$29 -> 9 | BM29: =BL28*$G$29 -> 9 | BO29: =BN28*$G$29 -> 9 | BQ29: =BP28*$G$29 -> 9 | BS29: =BR28*$G$29 -> 9 | BU29: =BT28*$G$29 -> 9 | BW29: =BV28*$G$29 -> 9 | BY29: =BX28*$G$29 -> 9 | CA29: =BZ28*$G$29 -> 9 | CC29: =CB28*$G$29 -> 9 | CE29: =CD28*$G$29 -> 9 | CG29: =CF28*$G$29 -> 9 | CI29: =CH28*$G$29 -> 9 | CK29: =CJ28*$G$29 -> 9 | CM29: =CL28*$G$29 -> 9 | CO29: =CN28*$G$29 -> 9 | CQ29: =CP28*$G$29 -> 9 | CS29: =CR28*$G$29 -> 9 | CU29: =CT28*$G$29 -> 9 | CW29: =CV28*$G$29 -> 9 | CY29: =CX28*$G$29 -> 9 | DA29: =CZ28*$G$29 -> 9 | DC29: =DB28*$G$29 -> 9 | DE29: =DD28*$G$29 -> 9 | DG29: =DF28*$G$29 -> 9 | DI29: =DH28*$G$29 -> 9 | DK29: =DJ28*$G$29 -> 9 | DM29: =DL28*$G$29 -> 9 | DO29: =DN28*$G$29 -> 9 | DQ29: =DP28*$G$29 -> 9 | DS29: =DR28*$G$29 -> 9 | DU29: =DT28*$G$29 -> 9 | DW29: =DV28*$G$29 -> 9 | DY29: =DX28*$G$29 -> 9 | EA29: =DZ28*$G$29 -> 9 | EC29: =EB28*$G$29 -> 9 | EE29: =ED28*$G$29 -> 9 | EG29: =EF28*$G$29 -> 9 | EI29: =EH28*$G$29 -> 9 | EK29: =EJ28*$G$29 -> 9 | EM29: =EL28*$G$29 -> 9 | EO29: =EN28*$G$29 -> 9 | EQ29: =EP28*$G$29 -> 9 | ES29: =ER28*$G$29 -> 9 | EU29: =ET28*$G$29 -> 9 | EW29: =EV28*$G$29 -> 9 | EY29: =EX28*$G$29 -> 9 | FA29: =EZ28*$G$29 -> 9 | FC29: =FB28*$G$29 -> 9 | FE29: =FD28*$G$29 -> 9 | FG29: =FF28*$G$29 -> 9 | FI29: =FH28*$G$29 -> 9 | FK29: =FJ28*$G$29 -> 9 | FM29: =FL28*$G$29 -> 9 | FO29: =FN28*$G$29 -> 9 | FQ29: =FP28*$G$29 -> 6
A30: CAMISAS LISTRAS PRETAS | B30: 913 | C30: 9P | D30: LISTRA PRETA | E30: 109130019P3 | F30: 3 | G30: 1 | I30: =H28*G30 -> 520 | K30: =J28*$G$30 -> 4 | M30: =L28*$G$30 -> 4 | O30: =N28*$G$30 -> 4 | Q30: =P28*$G$30 -> 4 | S30: =R28*$G$30 -> 4 | U30: =T28*$G$30 -> 4 | W30: =V28*$G$30 -> 4 | Y30: =X28*$G$30 -> 4 | AA30: =Z28*$G$30 -> 4 | AC30: =AB28*$G$30 -> 4 | AE30: =AD28*$G$30 -> 4 | AG30: =AF28*$G$30 -> 4 | AI30: =AH28*$G$30 -> 4 | AK30: =AJ28*$G$30 -> 4 | AM30: =AL28*$G$30 -> 4 | AO30: =AN28*$G$30 -> 4 | AQ30: =AP28*$G$30 -> 4 | AS30: =AR28*$G$30 -> 4 | AU30: =AT28*$G$30 -> 4 | AW30: =AV28*$G$30 -> 3 | AY30: =AX28*$G$30 -> 3 | BA30: =AZ28*$G$30 -> 3 | BC30: =BB28*$G$30 -> 3 | BE30: =BD28*$G$30 -> 3 | BG30: =BF28*$G$30 -> 3 | BI30: =BH28*$G$30 -> 3 | BK30: =BJ28*$G$30 -> 3 | BM30: =BL28*$G$30 -> 3 | BO30: =BN28*$G$30 -> 3 | BQ30: =BP28*$G$30 -> 3 | BS30: =BR28*$G$30 -> 3 | BU30: =BT28*$G$30 -> 3 | BW30: =BV28*$G$30 -> 3 | BY30: =BX28*$G$30 -> 3 | CA30: =BZ28*$G$30 -> 3 | CC30: =CB28*$G$30 -> 3 | CE30: =CD28*$G$30 -> 3 | CG30: =CF28*$G$30 -> 3 | CI30: =CH28*$G$30 -> 3 | CK30: =CJ28*$G$30 -> 3 | CM30: =CL28*$G$30 -> 3 | CO30: =CN28*$G$30 -> 3 | CQ30: =CP28*$G$30 -> 3 | CS30: =CR28*$G$30 -> 3 | CU30: =CT28*$G$30 -> 3 | CW30: =CV28*$G$30 -> 3 | CY30: =CX28*$G$30 -> 3 | DA30: =CZ28*$G$30 -> 3 | DC30: =DB28*$G$30 -> 3 | DE30: =DD28*$G$30 -> 3 | DG30: =DF28*$G$30 -> 3 | DI30: =DH28*$G$30 -> 3 | DK30: =DJ28*$G$30 -> 3 | DM30: =DL28*$G$30 -> 3 | DO30: =DN28*$G$30 -> 3 | DQ30: =DP28*$G$30 -> 3 | DS30: =DR28*$G$30 -> 3 | DU30: =DT28*$G$30 -> 3 | DW30: =DV28*$G$30 -> 3 | DY30: =DX28*$G$30 -> 3 | EA30: =DZ28*$G$30 -> 3 | EC30: =EB28*$G$30 -> 3 | EE30: =ED28*$G$30 -> 3 | EG30: =EF28*$G$30 -> 3 | EI30: =EH28*$G$30 -> 3 | EK30: =EJ28*$G$30 -> 3 | EM30: =EL28*$G$30 -> 3 | EO30: =EN28*$G$30 -> 3 | EQ30: =EP28*$G$30 -> 3 | ES30: =ER28*$G$30 -> 3 | EU30: =ET28*$G$30 -> 3 | EW30: =EV28*$G$30 -> 3 | EY30: =EX28*$G$30 -> 3 | FA30: =EZ28*$G$30 -> 3 | FC30: =FB28*$G$30 -> 3 | FE30: =FD28*$G$30 -> 3 | FG30: =FF28*$G$30 -> 3 | FI30: =FH28*$G$30 -> 3 | FK30: =FJ28*$G$30 -> 3 | FM30: =FL28*$G$30 -> 3 | FO30: =FN28*$G$30 -> 3 | FQ30: =FP28*$G$30 -> 2
A31: CAMISAS LISTRAS PRETAS | B31: 913 | C31: 9P | D31: LISTRA PRETA | E31: 109130019P4 | F31: 4 | G31: 1 | I31: =H28*G31 -> 520 | K31: =J28*$G$31 -> 4 | M31: =L28*$G$31 -> 4 | O31: =N28*$G$31 -> 4 | Q31: =P28*$G$31 -> 4 | S31: =R28*$G$31 -> 4 | U31: =T28*$G$31 -> 4 | W31: =V28*$G$31 -> 4 | Y31: =X28*$G$31 -> 4 | AA31: =Z28*$G$31 -> 4 | AC31: =AB28*$G$31 -> 4 | AE31: =AD28*$G$31 -> 4 | AG31: =AF28*$G$31 -> 4 | AI31: =AH28*$G$31 -> 4 | AK31: =AJ28*$G$31 -> 4 | AM31: =AL28*$G$31 -> 4 | AO31: =AN28*$G$31 -> 4 | AQ31: =AP28*$G$31 -> 4 | AS31: =AR28*$G$31 -> 4 | AU31: =AT28*$G$31 -> 4 | AW31: =AV28*$G$31 -> 3 | AY31: =AX28*$G$31 -> 3 | BA31: =AZ28*$G$31 -> 3 | BC31: =BB28*$G$31 -> 3 | BE31: =BD28*$G$31 -> 3 | BG31: =BF28*$G$31 -> 3 | BI31: =BH28*$G$31 -> 3 | BK31: =BJ28*$G$31 -> 3 | BM31: =BL28*$G$31 -> 3 | BO31: =BN28*$G$31 -> 3 | BQ31: =BP28*$G$31 -> 3 | BS31: =BR28*$G$31 -> 3 | BU31: =BT28*$G$31 -> 3 | BW31: =BV28*$G$31 -> 3 | BY31: =BX28*$G$31 -> 3 | CA31: =BZ28*$G$31 -> 3 | CC31: =CB28*$G$31 -> 3 | CE31: =CD28*$G$31 -> 3 | CG31: =CF28*$G$31 -> 3 | CI31: =CH28*$G$31 -> 3 | CK31: =CJ28*$G$31 -> 3 | CM31: =CL28*$G$31 -> 3 | CO31: =CN28*$G$31 -> 3 | CQ31: =CP28*$G$31 -> 3 | CS31: =CR28*$G$31 -> 3 | CU31: =CT28*$G$31 -> 3 | CW31: =CV28*$G$31 -> 3 | CY31: =CX28*$G$31 -> 3 | DA31: =CZ28*$G$31 -> 3 | DC31: =DB28*$G$31 -> 3 | DE31: =DD28*$G$31 -> 3 | DG31: =DF28*$G$31 -> 3 | DI31: =DH28*$G$31 -> 3 | DK31: =DJ28*$G$31 -> 3 | DM31: =DL28*$G$31 -> 3 | DO31: =DN28*$G$31 -> 3 | DQ31: =DP28*$G$31 -> 3 | DS31: =DR28*$G$31 -> 3 | DU31: =DT28*$G$31 -> 3 | DW31: =DV28*$G$31 -> 3 | DY31: =DX28*$G$31 -> 3 | EA31: =DZ28*$G$31 -> 3 | EC31: =EB28*$G$31 -> 3 | EE31: =ED28*$G$31 -> 3 | EG31: =EF28*$G$31 -> 3 | EI31: =EH28*$G$31 -> 3 | EK31: =EJ28*$G$31 -> 3 | EM31: =EL28*$G$31 -> 3 | EO31: =EN28*$G$31 -> 3 | EQ31: =EP28*$G$31 -> 3 | ES31: =ER28*$G$31 -> 3 | EU31: =ET28*$G$31 -> 3 | EW31: =EV28*$G$31 -> 3 | EY31: =EX28*$G$31 -> 3 | FA31: =EZ28*$G$31 -> 3 | FC31: =FB28*$G$31 -> 3 | FE31: =FD28*$G$31 -> 3 | FG31: =FF28*$G$31 -> 3 | FI31: =FH28*$G$31 -> 3 | FK31: =FJ28*$G$31 -> 3 | FM31: =FL28*$G$31 -> 3 | FO31: =FN28*$G$31 -> 3 | FQ31: =FP28*$G$31 -> 2
A32: CAMISAS LISTRAS PRETAS | B32: 913 | C32: 9P | D32: LISTRA PRETA | E32: 109130019P5 | F32: 5 | G32: 5 | I32: =H28*G32 -> 2600 | K32: =J28*$G$32 -> 20 | M32: =L28*$G$32 -> 20 | O32: =N28*$G$32 -> 20 | Q32: =P28*$G$32 -> 20 | S32: =R28*$G$32 -> 20 | U32: =T28*$G$32 -> 20 | W32: =V28*$G$32 -> 20 | Y32: =X28*$G$32 -> 20 | AA32: =Z28*$G$32 -> 20 | AC32: =AB28*$G$32 -> 20 | AE32: =AD28*$G$32 -> 20 | AG32: =AF28*$G$32 -> 20 | AI32: =AH28*$G$32 -> 20 | AK32: =AJ28*$G$32 -> 20 | AM32: =AL28*$G$32 -> 20 | AO32: =AN28*$G$32 -> 20 | AQ32: =AP28*$G$32 -> 20 | AS32: =AR28*$G$32 -> 20 | AU32: =AT28*$G$32 -> 20 | AW32: =AV28*$G$32 -> 15 | AY32: =AX28*$G$32 -> 15 | BA32: =AZ28*$G$32 -> 15 | BC32: =BB28*$G$32 -> 15 | BE32: =BD28*$G$32 -> 15 | BG32: =BF28*$G$32 -> 15 | BI32: =BH28*$G$32 -> 15 | BK32: =BJ28*$G$32 -> 15 | BM32: =BL28*$G$32 -> 15 | BO32: =BN28*$G$32 -> 15 | BQ32: =BP28*$G$32 -> 15 | BS32: =BR28*$G$32 -> 15 | BU32: =BT28*$G$32 -> 15 | BW32: =BV28*$G$32 -> 15 | BY32: =BX28*$G$32 -> 15 | CA32: =BZ28*$G$32 -> 15 | CC32: =CB28*$G$32 -> 15 | CE32: =CD28*$G$32 -> 15 | CG32: =CF28*$G$32 -> 15 | CI32: =CH28*$G$32 -> 15 | CK32: =CJ28*$G$32 -> 15 | CM32: =CL28*$G$32 -> 15 | CO32: =CN28*$G$32 -> 15 | CQ32: =CP28*$G$32 -> 15 | CS32: =CR28*$G$32 -> 15 | CU32: =CT28*$G$32 -> 15 | CW32: =CV28*$G$32 -> 15 | CY32: =CX28*$G$32 -> 15 | DA32: =CZ28*$G$32 -> 15 | DC32: =DB28*$G$32 -> 15 | DE32: =DD28*$G$32 -> 15 | DG32: =DF28*$G$32 -> 15 | DI32: =DH28*$G$32 -> 15 | DK32: =DJ28*$G$32 -> 15 | DM32: =DL28*$G$32 -> 15 | DO32: =DN28*$G$32 -> 15 | DQ32: =DP28*$G$32 -> 15 | DS32: =DR28*$G$32 -> 15 | DU32: =DT28*$G$32 -> 15 | DW32: =DV28*$G$32 -> 15 | DY32: =DX28*$G$32 -> 15 | EA32: =DZ28*$G$32 -> 15 | EC32: =EB28*$G$32 -> 15 | EE32: =ED28*$G$32 -> 15 | EG32: =EF28*$G$32 -> 15 | EI32: =EH28*$G$32 -> 15 | EK32: =EJ28*$G$32 -> 15 | EM32: =EL28*$G$32 -> 15 | EO32: =EN28*$G$32 -> 15 | EQ32: =EP28*$G$32 -> 15 | ES32: =ER28*$G$32 -> 15 | EU32: =ET28*$G$32 -> 15 | EW32: =EV28*$G$32 -> 15 | EY32: =EX28*$G$32 -> 15 | FA32: =EZ28*$G$32 -> 15 | FC32: =FB28*$G$32 -> 15 | FE32: =FD28*$G$32 -> 15 | FG32: =FF28*$G$32 -> 15 | FI32: =FH28*$G$32 -> 15 | FK32: =FJ28*$G$32 -> 15 | FM32: =FL28*$G$32 -> 15 | FO32: =FN28*$G$32 -> 15 | FQ32: =FP28*$G$32 -> 10
A33: CAMISAS LISTRAS PRETAS | B33: 913 | C33: 9P | D33: LISTRA PRETA | E33: 109130019P6 | F33: 6 | G33: 0 | I33: =H28*G33 -> 0 | K33: =J28*$G$33 -> 0 | M33: =L28*$G$33 -> 0 | O33: =N28*$G$33 -> 0 | Q33: =P28*$G$33 -> 0 | S33: =R28*$G$33 -> 0 | U33: =T28*$G$33 -> 0 | W33: =V28*$G$33 -> 0 | Y33: =X28*$G$33 -> 0 | AA33: =Z28*$G$33 -> 0 | AC33: =AB28*$G$33 -> 0 | AE33: =AD28*$G$33 -> 0 | AG33: =AF28*$G$33 -> 0 | AI33: =AH28*$G$33 -> 0 | AK33: =AJ28*$G$33 -> 0 | AM33: =AL28*$G$33 -> 0 | AO33: =AN28*$G$33 -> 0 | AQ33: =AP28*$G$33 -> 0 | AS33: =AR28*$G$33 -> 0 | AU33: =AT28*$G$33 -> 0 | AW33: =AV28*$G$33 -> 0 | AY33: =AX28*$G$33 -> 0 | BA33: =AZ28*$G$33 -> 0 | BC33: =BB28*$G$33 -> 0 | BE33: =BD28*$G$33 -> 0 | BG33: =BF28*$G$33 -> 0 | BI33: =BH28*$G$33 -> 0 | BK33: =BJ28*$G$33 -> 0 | BM33: =BL28*$G$33 -> 0 | BO33: =BN28*$G$33 -> 0 | BQ33: =BP28*$G$33 -> 0 | BS33: =BR28*$G$33 -> 0 | BU33: =BT28*$G$33 -> 0 | BW33: =BV28*$G$33 -> 0 | BY33: =BX28*$G$33 -> 0 | CA33: =BZ28*$G$33 -> 0 | CC33: =CB28*$G$33 -> 0 | CE33: =CD28*$G$33 -> 0 | CG33: =CF28*$G$33 -> 0 | CI33: =CH28*$G$33 -> 0 | CK33: =CJ28*$G$33 -> 0 | CM33: =CL28*$G$33 -> 0 | CO33: =CN28*$G$33 -> 0 | CQ33: =CP28*$G$33 -> 0 | CS33: =CR28*$G$33 -> 0 | CU33: =CT28*$G$33 -> 0 | CW33: =CV28*$G$33 -> 0 | CY33: =CX28*$G$33 -> 0 | DA33: =CZ28*$G$33 -> 0 | DC33: =DB28*$G$33 -> 0 | DE33: =DD28*$G$33 -> 0 | DG33: =DF28*$G$33 -> 0 | DI33: =DH28*$G$33 -> 0 | DK33: =DJ28*$G$33 -> 0 | DM33: =DL28*$G$33 -> 0 | DO33: =DN28*$G$33 -> 0 | DQ33: =DP28*$G$33 -> 0 | DS33: =DR28*$G$33 -> 0 | DU33: =DT28*$G$33 -> 0 | DW33: =DV28*$G$33 -> 0 | DY33: =DX28*$G$33 -> 0 | EA33: =DZ28*$G$33 -> 0 | EC33: =EB28*$G$33 -> 0 | EE33: =ED28*$G$33 -> 0 | EG33: =EF28*$G$33 -> 0 | EI33: =EH28*$G$33 -> 0 | EK33: =EJ28*$G$33 -> 0 | EM33: =EL28*$G$33 -> 0 | EO33: =EN28*$G$33 -> 0 | EQ33: =EP28*$G$33 -> 0 | ES33: =ER28*$G$33 -> 0 | EU33: =ET28*$G$33 -> 0 | EW33: =EV28*$G$33 -> 0 | EY33: =EX28*$G$33 -> 0 | FA33: =EZ28*$G$33 -> 0 | FC33: =FB28*$G$33 -> 0 | FE33: =FD28*$G$33 -> 0 | FG33: =FF28*$G$33 -> 0 | FI33: =FH28*$G$33 -> 0 | FK33: =FJ28*$G$33 -> 0 | FM33: =FL28*$G$33 -> 0 | FO33: =FN28*$G$33 -> 0 | FQ33: =FP28*$G$33 -> 0
A34: CAMISAS LISTRAS AMARELAS | B34: 913 | C34: 7H | D34: LISTRAS AMARELAS | E34: 109130017H1 | F34: 1 | G34: 0 | H34: 58 | I34: =H34*G34 -> 0 | J34: 3 | K34: =J34*$G$34 -> 0 | L34: 3 | M34: =L34*$G$34 -> 0 | N34: 3 | O34: =N34*$G$34 -> 0 | P34: 3 | Q34: =P34*$G$34 -> 0 | R34: 3 | S34: =R34*$G$34 -> 0 | T34: 3 | U34: =T34*$G$34 -> 0 | V34: 2 | W34: =V34*$G$34 -> 0 | X34: 2 | Y34: =X34*$G$34 -> 0 | Z34: 2 | AA34: =Z34*$G$34 -> 0 | AB34: 2 | AC34: =AB34*$G$34 -> 0 | AD34: 2 | AE34: =AD34*$G$34 -> 0 | AF34: 2 | AG34: =AF34*$G$34 -> 0 | AH34: 2 | AI34: =AH34*$G$34 -> 0 | AJ34: 1 | AK34: =AJ34*$G$34 -> 0 | AL34: 1 | AM34: =AL34*$G$34 -> 0 | AN34: 1 | AO34: =AN34*$G$34 -> 0 | AP34: 1 | AQ34: =AP34*$G$34 -> 0 | AR34: 1 | AS34: =AR34*$G$34 -> 0 | AT34: 1 | AU34: =AT34*$G$34 -> 0 | AV34: 1 | AW34: =AV34*$G$34 -> 0 | AX34: 1 | AY34: =AX34*$G$34 -> 0 | AZ34: 1 | BA34: =AZ34*$G$34 -> 0 | BB34: 1 | BC34: =BB34*$G$34 -> 0 | BD34: 1 | BE34: =BD34*$G$34 -> 0 | BF34: 1 | BG34: =BF34*$G$34 -> 0 | BH34: 1 | BI34: =BH34*$G$34 -> 0 | BJ34: 1 | BK34: =BJ34*$G$34 -> 0 | BL34: 1 | BM34: =BL34*$G$34 -> 0 | BN34: 1 | BO34: =BN34*$G$34 -> 0 | BP34: 1 | BQ34: =BP34*$G$34 -> 0 | BR34: 1 | BS34: =BR34*$G$34 -> 0 | BT34: 1 | BU34: =BT34*$G$34 -> 0 | BV34: 1 | BW34: =BV34*$G$34 -> 0 | BX34: 1 | BY34: =BX34*$G$34 -> 0 | BZ34: 1 | CA34: =BZ34*$G$34 -> 0 | CB34: 1 | CC34: =CB34*$G$34 -> 0 | CD34: 1 | CE34: =CD34*$G$34 -> 0 | CF34: 1 | CG34: =CF34*$G$34 -> 0 | CH34: 1 | CI34: =CH34*$G$34 -> 0 | CK34: =CJ34*$G$34 -> 0 | CM34: =CL34*$G$34 -> 0 | CO34: =CN34*$G$34 -> 0 | CQ34: =CP34*$G$34 -> 0 | CS34: =CR34*$G$34 -> 0 | CU34: =CT34*$G$34 -> 0 | CW34: =CV34*$G$34 -> 0 | CY34: =CX34*$G$34 -> 0 | DA34: =CZ34*$G$34 -> 0 | DC34: =DB34*$G$34 -> 0 | DE34: =DD34*$G$34 -> 0 | DG34: =DF34*$G$34 -> 0 | DI34: =DH34*$G$34 -> 0 | DK34: =DJ34*$G$34 -> 0 | DM34: =DL34*$G$34 -> 0 | DO34: =DN34*$G$34 -> 0 | DQ34: =DP34*$G$34 -> 0 | DS34: =DR34*$G$34 -> 0 | DU34: =DT34*$G$34 -> 0 | DW34: =DV34*$G$34 -> 0 | DY34: =DX34*$G$34 -> 0 | EA34: =DZ34*$G$34 -> 0 | EC34: =EB34*$G$34 -> 0 | EE34: =ED34*$G$34 -> 0 | EG34: =EF34*$G$34 -> 0 | EI34: =EH34*$G$34 -> 0 | EK34: =EJ34*$G$34 -> 0 | EM34: =EL34*$G$34 -> 0 | EO34: =EN34*$G$34 -> 0 | EQ34: =EP34*$G$34 -> 0 | ES34: =ER34*$G$34 -> 0 | EU34: =ET34*$G$34 -> 0 | EW34: =EV34*$G$34 -> 0 | EY34: =EX34*$G$34 -> 0 | FA34: =EZ34*$G$34 -> 0 | FC34: =FB34*$G$34 -> 0 | FE34: =FD34*$G$34 -> 0 | FG34: =FF34*$G$34 -> 0 | FI34: =FH34*$G$34 -> 0 | FK34: =FJ34*$G$34 -> 0 | FM34: =FL34*$G$34 -> 0 | FO34: =FN34*$G$34 -> 0 | FQ34: =FP34*$G$34 -> 0
A35: CAMISAS LISTRAS AMARELAS | B35: 913 | C35: 7H | D35: LISTRAS AMARELAS | E35: 109130017H2 | F35: 2 | G35: 1 | I35: =H34*G35 -> 58 | K35: =J34*$G$35 -> 3 | M35: =L34*$G$35 -> 3 | O35: =N34*$G$35 -> 3 | Q35: =P34*$G$35 -> 3 | S35: =R34*$G$35 -> 3 | U35: =T34*$G$35 -> 3 | W35: =V34*$G$35 -> 2 | Y35: =X34*$G$35 -> 2 | AA35: =Z34*$G$35 -> 2 | AC35: =AB34*$G$35 -> 2 | AE35: =AD34*$G$35 -> 2 | AG35: =AF34*$G$35 -> 2 | AI35: =AH34*$G$35 -> 2 | AK35: =AJ34*$G$35 -> 1 | AM35: =AL34*$G$35 -> 1 | AO35: =AN34*$G$35 -> 1 | AQ35: =AP34*$G$35 -> 1 | AS35: =AR34*$G$35 -> 1 | AU35: =AT34*$G$35 -> 1 | AW35: =AV34*$G$35 -> 1 | AY35: =AX34*$G$35 -> 1 | BA35: =AZ34*$G$35 -> 1 | BC35: =BB34*$G$35 -> 1 | BE35: =BD34*$G$35 -> 1 | BG35: =BF34*$G$35 -> 1 | BI35: =BH34*$G$35 -> 1 | BK35: =BJ34*$G$35 -> 1 | BM35: =BL34*$G$35 -> 1 | BO35: =BN34*$G$35 -> 1 | BQ35: =BP34*$G$35 -> 1 | BS35: =BR34*$G$35 -> 1 | BU35: =BT34*$G$35 -> 1 | BW35: =BV34*$G$35 -> 1 | BY35: =BX34*$G$35 -> 1 | CA35: =BZ34*$G$35 -> 1 | CC35: =CB34*$G$35 -> 1 | CE35: =CD34*$G$35 -> 1 | CG35: =CF34*$G$35 -> 1 | CI35: =CH34*$G$35 -> 1 | CK35: =CJ34*$G$35 -> 0 | CM35: =CL34*$G$35 -> 0 | CO35: =CN34*$G$35 -> 0 | CQ35: =CP34*$G$35 -> 0 | CS35: =CR34*$G$35 -> 0 | CU35: =CT34*$G$35 -> 0 | CW35: =CV34*$G$35 -> 0 | CY35: =CX34*$G$35 -> 0 | DA35: =CZ34*$G$35 -> 0 | DC35: =DB34*$G$35 -> 0 | DE35: =DD34*$G$35 -> 0 | DG35: =DF34*$G$35 -> 0 | DI35: =DH34*$G$35 -> 0 | DK35: =DJ34*$G$35 -> 0 | DM35: =DL34*$G$35 -> 0 | DO35: =DN34*$G$35 -> 0 | DQ35: =DP34*$G$35 -> 0 | DS35: =DR34*$G$35 -> 0 | DU35: =DT34*$G$35 -> 0 | DW35: =DV34*$G$35 -> 0 | DY35: =DX34*$G$35 -> 0 | EA35: =DZ34*$G$35 -> 0 | EC35: =EB34*$G$35 -> 0 | EE35: =ED34*$G$35 -> 0 | EG35: =EF34*$G$35 -> 0 | EI35: =EH34*$G$35 -> 0 | EK35: =EJ34*$G$35 -> 0 | EM35: =EL34*$G$35 -> 0 | EO35: =EN34*$G$35 -> 0 | EQ35: =EP34*$G$35 -> 0 | ES35: =ER34*$G$35 -> 0 | EU35: =ET34*$G$35 -> 0 | EW35: =EV34*$G$35 -> 0 | EY35: =EX34*$G$35 -> 0 | FA35: =EZ34*$G$35 -> 0 | FC35: =FB34*$G$35 -> 0 | FE35: =FD34*$G$35 -> 0 | FG35: =FF34*$G$35 -> 0 | FI35: =FH34*$G$35 -> 0 | FK35: =FJ34*$G$35 -> 0 | FM35: =FL34*$G$35 -> 0 | FO35: =FN34*$G$35 -> 0 | FQ35: =FP34*$G$35 -> 0
A36: CAMISAS LISTRAS AMARELAS | B36: 913 | C36: 7H | D36: LISTRAS AMARELAS | E36: 109130017H3 | F36: 3 | G36: 4 | I36: =H34*G36 -> 232 | K36: =J34*$G$36 -> 12 | M36: =L34*$G$36 -> 12 | O36: =N34*$G$36 -> 12 | Q36: =P34*$G$36 -> 12 | S36: =R34*$G$36 -> 12 | U36: =T34*$G$36 -> 12 | W36: =V34*$G$36 -> 8 | Y36: =X34*$G$36 -> 8 | AA36: =Z34*$G$36 -> 8 | AC36: =AB34*$G$36 -> 8 | AE36: =AD34*$G$36 -> 8 | AG36: =AF34*$G$36 -> 8 | AI36: =AH34*$G$36 -> 8 | AK36: =AJ34*$G$36 -> 4 | AM36: =AL34*$G$36 -> 4 | AO36: =AN34*$G$36 -> 4 | AQ36: =AP34*$G$36 -> 4 | AS36: =AR34*$G$36 -> 4 | AU36: =AT34*$G$36 -> 4 | AW36: =AV34*$G$36 -> 4 | AY36: =AX34*$G$36 -> 4 | BA36: =AZ34*$G$36 -> 4 | BC36: =BB34*$G$36 -> 4 | BE36: =BD34*$G$36 -> 4 | BG36: =BF34*$G$36 -> 4 | BI36: =BH34*$G$36 -> 4 | BK36: =BJ34*$G$36 -> 4 | BM36: =BL34*$G$36 -> 4 | BO36: =BN34*$G$36 -> 4 | BQ36: =BP34*$G$36 -> 4 | BS36: =BR34*$G$36 -> 4 | BU36: =BT34*$G$36 -> 4 | BW36: =BV34*$G$36 -> 4 | BY36: =BX34*$G$36 -> 4 | CA36: =BZ34*$G$36 -> 4 | CC36: =CB34*$G$36 -> 4 | CE36: =CD34*$G$36 -> 4 | CG36: =CF34*$G$36 -> 4 | CI36: =CH34*$G$36 -> 4 | CK36: =CJ34*$G$36 -> 0 | CM36: =CL34*$G$36 -> 0 | CO36: =CN34*$G$36 -> 0 | CQ36: =CP34*$G$36 -> 0 | CS36: =CR34*$G$36 -> 0 | CU36: =CT34*$G$36 -> 0 | CW36: =CV34*$G$36 -> 0 | CY36: =CX34*$G$36 -> 0 | DA36: =CZ34*$G$36 -> 0 | DC36: =DB34*$G$36 -> 0 | DE36: =DD34*$G$36 -> 0 | DG36: =DF34*$G$36 -> 0 | DI36: =DH34*$G$36 -> 0 | DK36: =DJ34*$G$36 -> 0 | DM36: =DL34*$G$36 -> 0 | DO36: =DN34*$G$36 -> 0 | DQ36: =DP34*$G$36 -> 0 | DS36: =DR34*$G$36 -> 0 | DU36: =DT34*$G$36 -> 0 | DW36: =DV34*$G$36 -> 0 | DY36: =DX34*$G$36 -> 0 | EA36: =DZ34*$G$36 -> 0 | EC36: =EB34*$G$36 -> 0 | EE36: =ED34*$G$36 -> 0 | EG36: =EF34*$G$36 -> 0 | EI36: =EH34*$G$36 -> 0 | EK36: =EJ34*$G$36 -> 0 | EM36: =EL34*$G$36 -> 0 | EO36: =EN34*$G$36 -> 0 | EQ36: =EP34*$G$36 -> 0 | ES36: =ER34*$G$36 -> 0 | EU36: =ET34*$G$36 -> 0 | EW36: =EV34*$G$36 -> 0 | EY36: =EX34*$G$36 -> 0 | FA36: =EZ34*$G$36 -> 0 | FC36: =FB34*$G$36 -> 0 | FE36: =FD34*$G$36 -> 0 | FG36: =FF34*$G$36 -> 0 | FI36: =FH34*$G$36 -> 0 | FK36: =FJ34*$G$36 -> 0 | FM36: =FL34*$G$36 -> 0 | FO36: =FN34*$G$36 -> 0 | FQ36: =FP34*$G$36 -> 0
A37: CAMISAS LISTRAS AMARELAS | B37: 913 | C37: 7H | D37: LISTRAS AMARELAS | E37: 109130017H4 | F37: 4 | G37: 3 | I37: =H34*G37 -> 174 | K37: =J34*$G$37 -> 9 | M37: =L34*$G$37 -> 9 | O37: =N34*$G$37 -> 9 | Q37: =P34*$G$37 -> 9 | S37: =R34*$G$37 -> 9 | U37: =T34*$G$37 -> 9 | W37: =V34*$G$37 -> 6 | Y37: =X34*$G$37 -> 6 | AA37: =Z34*$G$37 -> 6 | AC37: =AB34*$G$37 -> 6 | AE37: =AD34*$G$37 -> 6 | AG37: =AF34*$G$37 -> 6 | AI37: =AH34*$G$37 -> 6 | AK37: =AJ34*$G$37 -> 3 | AM37: =AL34*$G$37 -> 3 | AO37: =AN34*$G$37 -> 3 | AQ37: =AP34*$G$37 -> 3 | AS37: =AR34*$G$37 -> 3 | AU37: =AT34*$G$37 -> 3 | AW37: =AV34*$G$37 -> 3 | AY37: =AX34*$G$37 -> 3 | BA37: =AZ34*$G$37 -> 3 | BC37: =BB34*$G$37 -> 3 | BE37: =BD34*$G$37 -> 3 | BG37: =BF34*$G$37 -> 3 | BI37: =BH34*$G$37 -> 3 | BK37: =BJ34*$G$37 -> 3 | BM37: =BL34*$G$37 -> 3 | BO37: =BN34*$G$37 -> 3 | BQ37: =BP34*$G$37 -> 3 | BS37: =BR34*$G$37 -> 3 | BU37: =BT34*$G$37 -> 3 | BW37: =BV34*$G$37 -> 3 | BY37: =BX34*$G$37 -> 3 | CA37: =BZ34*$G$37 -> 3 | CC37: =CB34*$G$37 -> 3 | CE37: =CD34*$G$37 -> 3 | CG37: =CF34*$G$37 -> 3 | CI37: =CH34*$G$37 -> 3 | CK37: =CJ34*$G$37 -> 0 | CM37: =CL34*$G$37 -> 0 | CO37: =CN34*$G$37 -> 0 | CQ37: =CP34*$G$37 -> 0 | CS37: =CR34*$G$37 -> 0 | CU37: =CT34*$G$37 -> 0 | CW37: =CV34*$G$37 -> 0 | CY37: =CX34*$G$37 -> 0 | DA37: =CZ34*$G$37 -> 0 | DC37: =DB34*$G$37 -> 0 | DE37: =DD34*$G$37 -> 0 | DG37: =DF34*$G$37 -> 0 | DI37: =DH34*$G$37 -> 0 | DK37: =DJ34*$G$37 -> 0 | DM37: =DL34*$G$37 -> 0 | DO37: =DN34*$G$37 -> 0 | DQ37: =DP34*$G$37 -> 0 | DS37: =DR34*$G$37 -> 0 | DU37: =DT34*$G$37 -> 0 | DW37: =DV34*$G$37 -> 0 | DY37: =DX34*$G$37 -> 0 | EA37: =DZ34*$G$37 -> 0 | EC37: =EB34*$G$37 -> 0 | EE37: =ED34*$G$37 -> 0 | EG37: =EF34*$G$37 -> 0 | EI37: =EH34*$G$37 -> 0 | EK37: =EJ34*$G$37 -> 0 | EM37: =EL34*$G$37 -> 0 | EO37: =EN34*$G$37 -> 0 | EQ37: =EP34*$G$37 -> 0 | ES37: =ER34*$G$37 -> 0 | EU37: =ET34*$G$37 -> 0 | EW37: =EV34*$G$37 -> 0 | EY37: =EX34*$G$37 -> 0 | FA37: =EZ34*$G$37 -> 0 | FC37: =FB34*$G$37 -> 0 | FE37: =FD34*$G$37 -> 0 | FG37: =FF34*$G$37 -> 0 | FI37: =FH34*$G$37 -> 0 | FK37: =FJ34*$G$37 -> 0 | FM37: =FL34*$G$37 -> 0 | FO37: =FN34*$G$37 -> 0 | FQ37: =FP34*$G$37 -> 0
A38: CAMISAS LISTRAS AMARELAS | B38: 913 | C38: 7H | D38: LISTRAS AMARELAS | E38: 109130017H5 | F38: 5 | G38: 2 | I38: =H34*G38 -> 116 | K38: =J34*$G$38 -> 6 | M38: =L34*$G$38 -> 6 | O38: =N34*$G$38 -> 6 | Q38: =P34*$G$38 -> 6 | S38: =R34*$G$38 -> 6 | U38: =T34*$G$38 -> 6 | W38: =V34*$G$38 -> 4 | Y38: =X34*$G$38 -> 4 | AA38: =Z34*$G$38 -> 4 | AC38: =AB34*$G$38 -> 4 | AE38: =AD34*$G$38 -> 4 | AG38: =AF34*$G$38 -> 4 | AI38: =AH34*$G$38 -> 4 | AK38: =AJ34*$G$38 -> 2 | AM38: =AL34*$G$38 -> 2 | AO38: =AN34*$G$38 -> 2 | AQ38: =AP34*$G$38 -> 2 | AS38: =AR34*$G$38 -> 2 | AU38: =AT34*$G$38 -> 2 | AW38: =AV34*$G$38 -> 2 | AY38: =AX34*$G$38 -> 2 | BA38: =AZ34*$G$38 -> 2 | BC38: =BB34*$G$38 -> 2 | BE38: =BD34*$G$38 -> 2 | BG38: =BF34*$G$38 -> 2 | BI38: =BH34*$G$38 -> 2 | BK38: =BJ34*$G$38 -> 2 | BM38: =BL34*$G$38 -> 2 | BO38: =BN34*$G$38 -> 2 | BQ38: =BP34*$G$38 -> 2 | BS38: =BR34*$G$38 -> 2 | BU38: =BT34*$G$38 -> 2 | BW38: =BV34*$G$38 -> 2 | BY38: =BX34*$G$38 -> 2 | CA38: =BZ34*$G$38 -> 2 | CC38: =CB34*$G$38 -> 2 | CE38: =CD34*$G$38 -> 2 | CG38: =CF34*$G$38 -> 2 | CI38: =CH34*$G$38 -> 2 | CK38: =CJ34*$G$38 -> 0 | CM38: =CL34*$G$38 -> 0 | CO38: =CN34*$G$38 -> 0 | CQ38: =CP34*$G$38 -> 0 | CS38: =CR34*$G$38 -> 0 | CU38: =CT34*$G$38 -> 0 | CW38: =CV34*$G$38 -> 0 | CY38: =CX34*$G$38 -> 0 | DA38: =CZ34*$G$38 -> 0 | DC38: =DB34*$G$38 -> 0 | DE38: =DD34*$G$38 -> 0 | DG38: =DF34*$G$38 -> 0 | DI38: =DH34*$G$38 -> 0 | DK38: =DJ34*$G$38 -> 0 | DM38: =DL34*$G$38 -> 0 | DO38: =DN34*$G$38 -> 0 | DQ38: =DP34*$G$38 -> 0 | DS38: =DR34*$G$38 -> 0 | DU38: =DT34*$G$38 -> 0 | DW38: =DV34*$G$38 -> 0 | DY38: =DX34*$G$38 -> 0 | EA38: =DZ34*$G$38 -> 0 | EC38: =EB34*$G$38 -> 0 | EE38: =ED34*$G$38 -> 0 | EG38: =EF34*$G$38 -> 0 | EI38: =EH34*$G$38 -> 0 | EK38: =EJ34*$G$38 -> 0 | EM38: =EL34*$G$38 -> 0 | EO38: =EN34*$G$38 -> 0 | EQ38: =EP34*$G$38 -> 0 | ES38: =ER34*$G$38 -> 0 | EU38: =ET34*$G$38 -> 0 | EW38: =EV34*$G$38 -> 0 | EY38: =EX34*$G$38 -> 0 | FA38: =EZ34*$G$38 -> 0 | FC38: =FB34*$G$38 -> 0 | FE38: =FD34*$G$38 -> 0 | FG38: =FF34*$G$38 -> 0 | FI38: =FH34*$G$38 -> 0 | FK38: =FJ34*$G$38 -> 0 | FM38: =FL34*$G$38 -> 0 | FO38: =FN34*$G$38 -> 0 | FQ38: =FP34*$G$38 -> 0
A39: CAMISAS LISTRAS AMARELAS | B39: 913 | C39: 7H | D39: LISTRAS AMARELAS | E39: 109130017H6 | F39: 6 | G39: 0 | I39: =H34*G39 -> 0 | K39: =J34*$G$39 -> 0 | M39: =L34*$G$39 -> 0 | O39: =N34*$G$39 -> 0 | Q39: =P34*$G$39 -> 0 | S39: =R34*$G$39 -> 0 | U39: =T34*$G$39 -> 0 | W39: =V34*$G$39 -> 0 | Y39: =X34*$G$39 -> 0 | AA39: =Z34*$G$39 -> 0 | AC39: =AB34*$G$39 -> 0 | AE39: =AD34*$G$39 -> 0 | AG39: =AF34*$G$39 -> 0 | AI39: =AH34*$G$39 -> 0 | AK39: =AJ34*$G$39 -> 0 | AM39: =AL34*$G$39 -> 0 | AO39: =AN34*$G$39 -> 0 | AQ39: =AP34*$G$39 -> 0 | AS39: =AR34*$G$39 -> 0 | AU39: =AT34*$G$39 -> 0 | AW39: =AV34*$G$39 -> 0 | AY39: =AX34*$G$39 -> 0 | BA39: =AZ34*$G$39 -> 0 | BC39: =BB34*$G$39 -> 0 | BE39: =BD34*$G$39 -> 0 | BG39: =BF34*$G$39 -> 0 | BI39: =BH34*$G$39 -> 0 | BK39: =BJ34*$G$39 -> 0 | BM39: =BL34*$G$39 -> 0 | BO39: =BN34*$G$39 -> 0 | BQ39: =BP34*$G$39 -> 0 | BS39: =BR34*$G$39 -> 0 | BU39: =BT34*$G$39 -> 0 | BW39: =BV34*$G$39 -> 0 | BY39: =BX34*$G$39 -> 0 | CA39: =BZ34*$G$39 -> 0 | CC39: =CB34*$G$39 -> 0 | CE39: =CD34*$G$39 -> 0 | CG39: =CF34*$G$39 -> 0 | CI39: =CH34*$G$39 -> 0 | CK39: =CJ34*$G$39 -> 0 | CM39: =CL34*$G$39 -> 0 | CO39: =CN34*$G$39 -> 0 | CQ39: =CP34*$G$39 -> 0 | CS39: =CR34*$G$39 -> 0 | CU39: =CT34*$G$39 -> 0 | CW39: =CV34*$G$39 -> 0 | CY39: =CX34*$G$39 -> 0 | DA39: =CZ34*$G$39 -> 0 | DC39: =DB34*$G$39 -> 0 | DE39: =DD34*$G$39 -> 0 | DG39: =DF34*$G$39 -> 0 | DI39: =DH34*$G$39 -> 0 | DK39: =DJ34*$G$39 -> 0 | DM39: =DL34*$G$39 -> 0 | DO39: =DN34*$G$39 -> 0 | DQ39: =DP34*$G$39 -> 0 | DS39: =DR34*$G$39 -> 0 | DU39: =DT34*$G$39 -> 0 | DW39: =DV34*$G$39 -> 0 | DY39: =DX34*$G$39 -> 0 | EA39: =DZ34*$G$39 -> 0 | EC39: =EB34*$G$39 -> 0 | EE39: =ED34*$G$39 -> 0 | EG39: =EF34*$G$39 -> 0 | EI39: =EH34*$G$39 -> 0 | EK39: =EJ34*$G$39 -> 0 | EM39: =EL34*$G$39 -> 0 | EO39: =EN34*$G$39 -> 0 | EQ39: =EP34*$G$39 -> 0 | ES39: =ER34*$G$39 -> 0 | EU39: =ET34*$G$39 -> 0 | EW39: =EV34*$G$39 -> 0 | EY39: =EX34*$G$39 -> 0 | FA39: =EZ34*$G$39 -> 0 | FC39: =FB34*$G$39 -> 0 | FE39: =FD34*$G$39 -> 0 | FG39: =FF34*$G$39 -> 0 | FI39: =FH34*$G$39 -> 0 | FK39: =FJ34*$G$39 -> 0 | FM39: =FL34*$G$39 -> 0 | FO39: =FN34*$G$39 -> 0 | FQ39: =FP34*$G$39 -> 0
A40: CAMISAS LISTRAS VERDE | B40: 913 | C40: 3F | D40: LISTRAS VERDES | E40: 109130013F1 | F40: 1 | G40: 0 | H40: 52 | I40: =H40*G40 -> 0 | J40: 2 | K40: =J40*$G$40 -> 0 | L40: 2 | M40: =L40*$G$40 -> 0 | N40: 2 | O40: =N40*$G$40 -> 0 | P40: 2 | Q40: =P40*$G$40 -> 0 | R40: 2 | S40: =R40*$G$40 -> 0 | T40: 2 | U40: =T40*$G$40 -> 0 | V40: 2 | W40: =V40*$G$40 -> 0 | X40: 2 | Y40: =X40*$G$40 -> 0 | Z40: 2 | AA40: =Z40*$G$40 -> 0 | AB40: 2 | AC40: =AB40*$G$40 -> 0 | AD40: 2 | AE40: =AD40*$G$40 -> 0 | AF40: 2 | AG40: =AF40*$G$40 -> 0 | AH40: 2 | AI40: =AH40*$G$40 -> 0 | AJ40: 1 | AK40: =AJ40*$G$40 -> 0 | AL40: 1 | AM40: =AL40*$G$40 -> 0 | AN40: 1 | AO40: =AN40*$G$40 -> 0 | AP40: 1 | AQ40: =AP40*$G$40 -> 0 | AR40: 1 | AS40: =AR40*$G$40 -> 0 | AT40: 1 | AU40: =AT40*$G$40 -> 0 | AV40: 1 | AW40: =AV40*$G$40 -> 0 | AX40: 1 | AY40: =AX40*$G$40 -> 0 | AZ40: 1 | BA40: =AZ40*$G$40 -> 0 | BB40: 1 | BC40: =BB40*$G$40 -> 0 | BD40: 1 | BE40: =BD40*$G$40 -> 0 | BF40: 1 | BG40: =BF40*$G$40 -> 0 | BH40: 1 | BI40: =BH40*$G$40 -> 0 | BJ40: 1 | BK40: =BJ40*$G$40 -> 0 | BL40: 1 | BM40: =BL40*$G$40 -> 0 | BN40: 1 | BO40: =BN40*$G$40 -> 0 | BP40: 1 | BQ40: =BP40*$G$40 -> 0 | BR40: 1 | BS40: =BR40*$G$40 -> 0 | BT40: 1 | BU40: =BT40*$G$40 -> 0 | BV40: 1 | BW40: =BV40*$G$40 -> 0 | BX40: 1 | BY40: =BX40*$G$40 -> 0 | BZ40: 1 | CA40: =BZ40*$G$40 -> 0 | CB40: 1 | CC40: =CB40*$G$40 -> 0 | CD40: 1 | CE40: =CD40*$G$40 -> 0 | CF40: 1 | CG40: =CF40*$G$40 -> 0 | CH40: 1 | CI40: =CH40*$G$40 -> 0 | CK40: =CJ40*$G$40 -> 0 | CM40: =CL40*$G$40 -> 0 | CO40: =CN40*$G$40 -> 0 | CQ40: =CP40*$G$40 -> 0 | CS40: =CR40*$G$40 -> 0 | CU40: =CT40*$G$40 -> 0 | CW40: =CV40*$G$40 -> 0 | CY40: =CX40*$G$40 -> 0 | DA40: =CZ40*$G$40 -> 0 | DC40: =DB40*$G$40 -> 0 | DE40: =DD40*$G$40 -> 0 | DG40: =DF40*$G$40 -> 0 | DI40: =DH40*$G$40 -> 0 | DK40: =DJ40*$G$40 -> 0 | DM40: =DL40*$G$40 -> 0 | DO40: =DN40*$G$40 -> 0 | DQ40: =DP40*$G$40 -> 0 | DS40: =DR40*$G$40 -> 0 | DU40: =DT40*$G$40 -> 0 | DW40: =DV40*$G$40 -> 0 | DY40: =DX40*$G$40 -> 0 | EA40: =DZ40*$G$40 -> 0 | EC40: =EB40*$G$40 -> 0 | EE40: =ED40*$G$40 -> 0 | EG40: =EF40*$G$40 -> 0 | EI40: =EH40*$G$40 -> 0 | EK40: =EJ40*$G$40 -> 0 | EM40: =EL40*$G$40 -> 0 | EO40: =EN40*$G$40 -> 0 | EQ40: =EP40*$G$40 -> 0 | ES40: =ER40*$G$40 -> 0 | EU40: =ET40*$G$40 -> 0 | EW40: =EV40*$G$40 -> 0 | EY40: =EX40*$G$40 -> 0 | FA40: =EZ40*$G$40 -> 0 | FC40: =FB40*$G$40 -> 0 | FE40: =FD40*$G$40 -> 0 | FG40: =FF40*$G$40 -> 0 | FI40: =FH40*$G$40 -> 0 | FK40: =FJ40*$G$40 -> 0 | FM40: =FL40*$G$40 -> 0 | FO40: =FN40*$G$40 -> 0 | FQ40: =FP40*$G$40 -> 0
A41: CAMISAS LISTRAS VERDE | B41: 913 | C41: 3F | D41: LISTRAS VERDES | E41: 109130013F2 | F41: 2 | G41: 1 | I41: =H40*G41 -> 52 | K41: =J40*$G$41 -> 2 | M41: =L40*$G$41 -> 2 | O41: =N40*$G$41 -> 2 | Q41: =P40*$G$41 -> 2 | S41: =R40*$G$41 -> 2 | U41: =T40*$G$41 -> 2 | W41: =V40*$G$41 -> 2 | Y41: =X40*$G$41 -> 2 | AA41: =Z40*$G$41 -> 2 | AC41: =AB40*$G$41 -> 2 | AE41: =AD40*$G$41 -> 2 | AG41: =AF40*$G$41 -> 2 | AI41: =AH40*$G$41 -> 2 | AK41: =AJ40*$G$41 -> 1 | AM41: =AL40*$G$41 -> 1 | AO41: =AN40*$G$41 -> 1 | AQ41: =AP40*$G$41 -> 1 | AS41: =AR40*$G$41 -> 1 | AU41: =AT40*$G$41 -> 1 | AW41: =AV40*$G$41 -> 1 | AY41: =AX40*$G$41 -> 1 | BA41: =AZ40*$G$41 -> 1 | BC41: =BB40*$G$41 -> 1 | BE41: =BD40*$G$41 -> 1 | BG41: =BF40*$G$41 -> 1 | BI41: =BH40*$G$41 -> 1 | BK41: =BJ40*$G$41 -> 1 | BM41: =BL40*$G$41 -> 1 | BO41: =BN40*$G$41 -> 1 | BQ41: =BP40*$G$41 -> 1 | BS41: =BR40*$G$41 -> 1 | BU41: =BT40*$G$41 -> 1 | BW41: =BV40*$G$41 -> 1 | BY41: =BX40*$G$41 -> 1 | CA41: =BZ40*$G$41 -> 1 | CC41: =CB40*$G$41 -> 1 | CE41: =CD40*$G$41 -> 1 | CG41: =CF40*$G$41 -> 1 | CI41: =CH40*$G$41 -> 1 | CK41: =CJ40*$G$41 -> 0 | CM41: =CL40*$G$41 -> 0 | CO41: =CN40*$G$41 -> 0 | CQ41: =CP40*$G$41 -> 0 | CS41: =CR40*$G$41 -> 0 | CU41: =CT40*$G$41 -> 0 | CW41: =CV40*$G$41 -> 0 | CY41: =CX40*$G$41 -> 0 | DA41: =CZ40*$G$41 -> 0 | DC41: =DB40*$G$41 -> 0 | DE41: =DD40*$G$41 -> 0 | DG41: =DF40*$G$41 -> 0 | DI41: =DH40*$G$41 -> 0 | DK41: =DJ40*$G$41 -> 0 | DM41: =DL40*$G$41 -> 0 | DO41: =DN40*$G$41 -> 0 | DQ41: =DP40*$G$41 -> 0 | DS41: =DR40*$G$41 -> 0 | DU41: =DT40*$G$41 -> 0 | DW41: =DV40*$G$41 -> 0 | DY41: =DX40*$G$41 -> 0 | EA41: =DZ40*$G$41 -> 0 | EC41: =EB40*$G$41 -> 0 | EE41: =ED40*$G$41 -> 0 | EG41: =EF40*$G$41 -> 0 | EI41: =EH40*$G$41 -> 0 | EK41: =EJ40*$G$41 -> 0 | EM41: =EL40*$G$41 -> 0 | EO41: =EN40*$G$41 -> 0 | EQ41: =EP40*$G$41 -> 0 | ES41: =ER40*$G$41 -> 0 | EU41: =ET40*$G$41 -> 0 | EW41: =EV40*$G$41 -> 0 | EY41: =EX40*$G$41 -> 0 | FA41: =EZ40*$G$41 -> 0 | FC41: =FB40*$G$41 -> 0 | FE41: =FD40*$G$41 -> 0 | FG41: =FF40*$G$41 -> 0 | FI41: =FH40*$G$41 -> 0 | FK41: =FJ40*$G$41 -> 0 | FM41: =FL40*$G$41 -> 0 | FO41: =FN40*$G$41 -> 0 | FQ41: =FP40*$G$41 -> 0
A42: CAMISAS LISTRAS VERDE | B42: 913 | C42: 3F | D42: LISTRAS VERDES | E42: 109130013F3 | F42: 3 | G42: 6 | I42: =H40*G42 -> 312 | K42: =J40*$G$42 -> 12 | M42: =L40*$G$42 -> 12 | O42: =N40*$G$42 -> 12 | Q42: =P40*$G$42 -> 12 | S42: =R40*$G$42 -> 12 | U42: =T40*$G$42 -> 12 | W42: =V40*$G$42 -> 12 | Y42: =X40*$G$42 -> 12 | AA42: =Z40*$G$42 -> 12 | AC42: =AB40*$G$42 -> 12 | AE42: =AD40*$G$42 -> 12 | AG42: =AF40*$G$42 -> 12 | AI42: =AH40*$G$42 -> 12 | AK42: =AJ40*$G$42 -> 6 | AM42: =AL40*$G$42 -> 6 | AO42: =AN40*$G$42 -> 6 | AQ42: =AP40*$G$42 -> 6 | AS42: =AR40*$G$42 -> 6 | AU42: =AT40*$G$42 -> 6 | AW42: =AV40*$G$42 -> 6 | AY42: =AX40*$G$42 -> 6 | BA42: =AZ40*$G$42 -> 6 | BC42: =BB40*$G$42 -> 6 | BE42: =BD40*$G$42 -> 6 | BG42: =BF40*$G$42 -> 6 | BI42: =BH40*$G$42 -> 6 | BK42: =BJ40*$G$42 -> 6 | BM42: =BL40*$G$42 -> 6 | BO42: =BN40*$G$42 -> 6 | BQ42: =BP40*$G$42 -> 6 | BS42: =BR40*$G$42 -> 6 | BU42: =BT40*$G$42 -> 6 | BW42: =BV40*$G$42 -> 6 | BY42: =BX40*$G$42 -> 6 | CA42: =BZ40*$G$42 -> 6 | CC42: =CB40*$G$42 -> 6 | CE42: =CD40*$G$42 -> 6 | CG42: =CF40*$G$42 -> 6 | CI42: =CH40*$G$42 -> 6 | CK42: =CJ40*$G$42 -> 0 | CM42: =CL40*$G$42 -> 0 | CO42: =CN40*$G$42 -> 0 | CQ42: =CP40*$G$42 -> 0 | CS42: =CR40*$G$42 -> 0 | CU42: =CT40*$G$42 -> 0 | CW42: =CV40*$G$42 -> 0 | CY42: =CX40*$G$42 -> 0 | DA42: =CZ40*$G$42 -> 0 | DC42: =DB40*$G$42 -> 0 | DE42: =DD40*$G$42 -> 0 | DG42: =DF40*$G$42 -> 0 | DI42: =DH40*$G$42 -> 0 | DK42: =DJ40*$G$42 -> 0 | DM42: =DL40*$G$42 -> 0 | DO42: =DN40*$G$42 -> 0 | DQ42: =DP40*$G$42 -> 0 | DS42: =DR40*$G$42 -> 0 | DU42: =DT40*$G$42 -> 0 | DW42: =DV40*$G$42 -> 0 | DY42: =DX40*$G$42 -> 0 | EA42: =DZ40*$G$42 -> 0 | EC42: =EB40*$G$42 -> 0 | EE42: =ED40*$G$42 -> 0 | EG42: =EF40*$G$42 -> 0 | EI42: =EH40*$G$42 -> 0 | EK42: =EJ40*$G$42 -> 0 | EM42: =EL40*$G$42 -> 0 | EO42: =EN40*$G$42 -> 0 | EQ42: =EP40*$G$42 -> 0 | ES42: =ER40*$G$42 -> 0 | EU42: =ET40*$G$42 -> 0 | EW42: =EV40*$G$42 -> 0 | EY42: =EX40*$G$42 -> 0 | FA42: =EZ40*$G$42 -> 0 | FC42: =FB40*$G$42 -> 0 | FE42: =FD40*$G$42 -> 0 | FG42: =FF40*$G$42 -> 0 | FI42: =FH40*$G$42 -> 0 | FK42: =FJ40*$G$42 -> 0 | FM42: =FL40*$G$42 -> 0 | FO42: =FN40*$G$42 -> 0 | FQ42: =FP40*$G$42 -> 0
A43: CAMISAS LISTRAS VERDE | B43: 913 | C43: 3F | D43: LISTRAS VERDES | E43: 109130013F4 | F43: 4 | G43: 2 | I43: =H40*G43 -> 104 | K43: =J40*$G$43 -> 4 | M43: =L40*$G$43 -> 4 | O43: =N40*$G$43 -> 4 | Q43: =P40*$G$43 -> 4 | S43: =R40*$G$43 -> 4 | U43: =T40*$G$43 -> 4 | W43: =V40*$G$43 -> 4 | Y43: =X40*$G$43 -> 4 | AA43: =Z40*$G$43 -> 4 | AC43: =AB40*$G$43 -> 4 | AE43: =AD40*$G$43 -> 4 | AG43: =AF40*$G$43 -> 4 | AI43: =AH40*$G$43 -> 4 | AK43: =AJ40*$G$43 -> 2 | AM43: =AL40*$G$43 -> 2 | AO43: =AN40*$G$43 -> 2 | AQ43: =AP40*$G$43 -> 2 | AS43: =AR40*$G$43 -> 2 | AU43: =AT40*$G$43 -> 2 | AW43: =AV40*$G$43 -> 2 | AY43: =AX40*$G$43 -> 2 | BA43: =AZ40*$G$43 -> 2 | BC43: =BB40*$G$43 -> 2 | BE43: =BD40*$G$43 -> 2 | BG43: =BF40*$G$43 -> 2 | BI43: =BH40*$G$43 -> 2 | BK43: =BJ40*$G$43 -> 2 | BM43: =BL40*$G$43 -> 2 | BO43: =BN40*$G$43 -> 2 | BQ43: =BP40*$G$43 -> 2 | BS43: =BR40*$G$43 -> 2 | BU43: =BT40*$G$43 -> 2 | BW43: =BV40*$G$43 -> 2 | BY43: =BX40*$G$43 -> 2 | CA43: =BZ40*$G$43 -> 2 | CC43: =CB40*$G$43 -> 2 | CE43: =CD40*$G$43 -> 2 | CG43: =CF40*$G$43 -> 2 | CI43: =CH40*$G$43 -> 2 | CK43: =CJ40*$G$43 -> 0 | CM43: =CL40*$G$43 -> 0 | CO43: =CN40*$G$43 -> 0 | CQ43: =CP40*$G$43 -> 0 | CS43: =CR40*$G$43 -> 0 | CU43: =CT40*$G$43 -> 0 | CW43: =CV40*$G$43 -> 0 | CY43: =CX40*$G$43 -> 0 | DA43: =CZ40*$G$43 -> 0 | DC43: =DB40*$G$43 -> 0 | DE43: =DD40*$G$43 -> 0 | DG43: =DF40*$G$43 -> 0 | DI43: =DH40*$G$43 -> 0 | DK43: =DJ40*$G$43 -> 0 | DM43: =DL40*$G$43 -> 0 | DO43: =DN40*$G$43 -> 0 | DQ43: =DP40*$G$43 -> 0 | DS43: =DR40*$G$43 -> 0 | DU43: =DT40*$G$43 -> 0 | DW43: =DV40*$G$43 -> 0 | DY43: =DX40*$G$43 -> 0 | EA43: =DZ40*$G$43 -> 0 | EC43: =EB40*$G$43 -> 0 | EE43: =ED40*$G$43 -> 0 | EG43: =EF40*$G$43 -> 0 | EI43: =EH40*$G$43 -> 0 | EK43: =EJ40*$G$43 -> 0 | EM43: =EL40*$G$43 -> 0 | EO43: =EN40*$G$43 -> 0 | EQ43: =EP40*$G$43 -> 0 | ES43: =ER40*$G$43 -> 0 | EU43: =ET40*$G$43 -> 0 | EW43: =EV40*$G$43 -> 0 | EY43: =EX40*$G$43 -> 0 | FA43: =EZ40*$G$43 -> 0 | FC43: =FB40*$G$43 -> 0 | FE43: =FD40*$G$43 -> 0 | FG43: =FF40*$G$43 -> 0 | FI43: =FH40*$G$43 -> 0 | FK43: =FJ40*$G$43 -> 0 | FM43: =FL40*$G$43 -> 0 | FO43: =FN40*$G$43 -> 0 | FQ43: =FP40*$G$43 -> 0
A44: CAMISAS LISTRAS VERDE | B44: 913 | C44: 3F | D44: LISTRAS VERDES | E44: 109130013F5 | F44: 5 | G44: 1 | I44: =H40*G44 -> 52 | K44: =J40*$G$44 -> 2 | M44: =L40*$G$44 -> 2 | O44: =N40*$G$44 -> 2 | Q44: =P40*$G$44 -> 2 | S44: =R40*$G$44 -> 2 | U44: =T40*$G$44 -> 2 | W44: =V40*$G$44 -> 2 | Y44: =X40*$G$44 -> 2 | AA44: =Z40*$G$44 -> 2 | AC44: =AB40*$G$44 -> 2 | AE44: =AD40*$G$44 -> 2 | AG44: =AF40*$G$44 -> 2 | AI44: =AH40*$G$44 -> 2 | AK44: =AJ40*$G$44 -> 1 | AM44: =AL40*$G$44 -> 1 | AO44: =AN40*$G$44 -> 1 | AQ44: =AP40*$G$44 -> 1 | AS44: =AR40*$G$44 -> 1 | AU44: =AT40*$G$44 -> 1 | AW44: =AV40*$G$44 -> 1 | AY44: =AX40*$G$44 -> 1 | BA44: =AZ40*$G$44 -> 1 | BC44: =BB40*$G$44 -> 1 | BE44: =BD40*$G$44 -> 1 | BG44: =BF40*$G$44 -> 1 | BI44: =BH40*$G$44 -> 1 | BK44: =BJ40*$G$44 -> 1 | BM44: =BL40*$G$44 -> 1 | BO44: =BN40*$G$44 -> 1 | BQ44: =BP40*$G$44 -> 1 | BS44: =BR40*$G$44 -> 1 | BU44: =BT40*$G$44 -> 1 | BW44: =BV40*$G$44 -> 1 | BY44: =BX40*$G$44 -> 1 | CA44: =BZ40*$G$44 -> 1 | CC44: =CB40*$G$44 -> 1 | CE44: =CD40*$G$44 -> 1 | CG44: =CF40*$G$44 -> 1 | CI44: =CH40*$G$44 -> 1 | CK44: =CJ40*$G$44 -> 0 | CM44: =CL40*$G$44 -> 0 | CO44: =CN40*$G$44 -> 0 | CQ44: =CP40*$G$44 -> 0 | CS44: =CR40*$G$44 -> 0 | CU44: =CT40*$G$44 -> 0 | CW44: =CV40*$G$44 -> 0 | CY44: =CX40*$G$44 -> 0 | DA44: =CZ40*$G$44 -> 0 | DC44: =DB40*$G$44 -> 0 | DE44: =DD40*$G$44 -> 0 | DG44: =DF40*$G$44 -> 0 | DI44: =DH40*$G$44 -> 0 | DK44: =DJ40*$G$44 -> 0 | DM44: =DL40*$G$44 -> 0 | DO44: =DN40*$G$44 -> 0 | DQ44: =DP40*$G$44 -> 0 | DS44: =DR40*$G$44 -> 0 | DU44: =DT40*$G$44 -> 0 | DW44: =DV40*$G$44 -> 0 | DY44: =DX40*$G$44 -> 0 | EA44: =DZ40*$G$44 -> 0 | EC44: =EB40*$G$44 -> 0 | EE44: =ED40*$G$44 -> 0 | EG44: =EF40*$G$44 -> 0 | EI44: =EH40*$G$44 -> 0 | EK44: =EJ40*$G$44 -> 0 | EM44: =EL40*$G$44 -> 0 | EO44: =EN40*$G$44 -> 0 | EQ44: =EP40*$G$44 -> 0 | ES44: =ER40*$G$44 -> 0 | EU44: =ET40*$G$44 -> 0 | EW44: =EV40*$G$44 -> 0 | EY44: =EX40*$G$44 -> 0 | FA44: =EZ40*$G$44 -> 0 | FC44: =FB40*$G$44 -> 0 | FE44: =FD40*$G$44 -> 0 | FG44: =FF40*$G$44 -> 0 | FI44: =FH40*$G$44 -> 0 | FK44: =FJ40*$G$44 -> 0 | FM44: =FL40*$G$44 -> 0 | FO44: =FN40*$G$44 -> 0 | FQ44: =FP40*$G$44 -> 0
A45: CAMISAS LISTRAS VERDE | B45: 913 | C45: 3F | D45: LISTRAS VERDES | E45: 109130013F6 | F45: 6 | G45: 0 | I45: =H40*G45 -> 0 | K45: =J40*$G$45 -> 0 | M45: =L40*$G$45 -> 0 | O45: =N40*$G$45 -> 0 | Q45: =P40*$G$45 -> 0 | S45: =R40*$G$45 -> 0 | U45: =T40*$G$45 -> 0 | W45: =V40*$G$45 -> 0 | Y45: =X40*$G$45 -> 0 | AA45: =Z40*$G$45 -> 0 | AC45: =AB40*$G$45 -> 0 | AE45: =AD40*$G$45 -> 0 | AG45: =AF40*$G$45 -> 0 | AI45: =AH40*$G$45 -> 0 | AK45: =AJ40*$G$45 -> 0 | AM45: =AL40*$G$45 -> 0 | AO45: =AN40*$G$45 -> 0 | AQ45: =AP40*$G$45 -> 0 | AS45: =AR40*$G$45 -> 0 | AU45: =AT40*$G$45 -> 0 | AW45: =AV40*$G$45 -> 0 | AY45: =AX40*$G$45 -> 0 | BA45: =AZ40*$G$45 -> 0 | BC45: =BB40*$G$45 -> 0 | BE45: =BD40*$G$45 -> 0 | BG45: =BF40*$G$45 -> 0 | BI45: =BH40*$G$45 -> 0 | BK45: =BJ40*$G$45 -> 0 | BM45: =BL40*$G$45 -> 0 | BO45: =BN40*$G$45 -> 0 | BQ45: =BP40*$G$45 -> 0 | BS45: =BR40*$G$45 -> 0 | BU45: =BT40*$G$45 -> 0 | BW45: =BV40*$G$45 -> 0 | BY45: =BX40*$G$45 -> 0 | CA45: =BZ40*$G$45 -> 0 | CC45: =CB40*$G$45 -> 0 | CE45: =CD40*$G$45 -> 0 | CG45: =CF40*$G$45 -> 0 | CI45: =CH40*$G$45 -> 0 | CK45: =CJ40*$G$45 -> 0 | CM45: =CL40*$G$45 -> 0 | CO45: =CN40*$G$45 -> 0 | CQ45: =CP40*$G$45 -> 0 | CS45: =CR40*$G$45 -> 0 | CU45: =CT40*$G$45 -> 0 | CW45: =CV40*$G$45 -> 0 | CY45: =CX40*$G$45 -> 0 | DA45: =CZ40*$G$45 -> 0 | DC45: =DB40*$G$45 -> 0 | DE45: =DD40*$G$45 -> 0 | DG45: =DF40*$G$45 -> 0 | DI45: =DH40*$G$45 -> 0 | DK45: =DJ40*$G$45 -> 0 | DM45: =DL40*$G$45 -> 0 | DO45: =DN40*$G$45 -> 0 | DQ45: =DP40*$G$45 -> 0 | DS45: =DR40*$G$45 -> 0 | DU45: =DT40*$G$45 -> 0 | DW45: =DV40*$G$45 -> 0 | DY45: =DX40*$G$45 -> 0 | EA45: =DZ40*$G$45 -> 0 | EC45: =EB40*$G$45 -> 0 | EE45: =ED40*$G$45 -> 0 | EG45: =EF40*$G$45 -> 0 | EI45: =EH40*$G$45 -> 0 | EK45: =EJ40*$G$45 -> 0 | EM45: =EL40*$G$45 -> 0 | EO45: =EN40*$G$45 -> 0 | EQ45: =EP40*$G$45 -> 0 | ES45: =ER40*$G$45 -> 0 | EU45: =ET40*$G$45 -> 0 | EW45: =EV40*$G$45 -> 0 | EY45: =EX40*$G$45 -> 0 | FA45: =EZ40*$G$45 -> 0 | FC45: =FB40*$G$45 -> 0 | FE45: =FD40*$G$45 -> 0 | FG45: =FF40*$G$45 -> 0 | FI45: =FH40*$G$45 -> 0 | FK45: =FJ40*$G$45 -> 0 | FM45: =FL40*$G$45 -> 0 | FO45: =FN40*$G$45 -> 0 | FQ45: =FP40*$G$45 -> 0
A46: CAMISAS LISTRAS BRANCAS | B46: 913 | C46: 9I | D46: LISTRAS BRANCAS | E46: 109130019I1 | F46: 1 | G46: 0 | H46: 160 | I46: =H46*G46 -> 0 | J46: 5 | K46: =J46*$G$46 -> 0 | L46: 5 | M46: =L46*$G$46 -> 0 | N46: 5 | O46: =N46*$G$46 -> 0 | P46: 5 | Q46: =P46*$G$46 -> 0 | R46: 5 | S46: =R46*$G$46 -> 0 | T46: 5 | U46: =T46*$G$46 -> 0 | V46: 5 | W46: =V46*$G$46 -> 0 | X46: 5 | Y46: =X46*$G$46 -> 0 | Z46: 5 | AA46: =Z46*$G$46 -> 0 | AB46: 4 | AC46: =AB46*$G$46 -> 0 | AD46: 4 | AE46: =AD46*$G$46 -> 0 | AF46: 4 | AG46: =AF46*$G$46 -> 0 | AH46: 4 | AI46: =AH46*$G$46 -> 0 | AJ46: 2 | AK46: =AJ46*$G$46 -> 0 | AL46: 2 | AM46: =AL46*$G$46 -> 0 | AN46: 2 | AO46: =AN46*$G$46 -> 0 | AP46: 2 | AQ46: =AP46*$G$46 -> 0 | AR46: 2 | AS46: =AR46*$G$46 -> 0 | AT46: 2 | AU46: =AT46*$G$46 -> 0 | AV46: 2 | AW46: =AV46*$G$46 -> 0 | AX46: 2 | AY46: =AX46*$G$46 -> 0 | AZ46: 2 | BA46: =AZ46*$G$46 -> 0 | BB46: 2 | BC46: =BB46*$G$46 -> 0 | BD46: 2 | BE46: =BD46*$G$46 -> 0 | BF46: 2 | BG46: =BF46*$G$46 -> 0 | BH46: 2 | BI46: =BH46*$G$46 -> 0 | BJ46: 2 | BK46: =BJ46*$G$46 -> 0 | BL46: 2 | BM46: =BL46*$G$46 -> 0 | BN46: 2 | BO46: =BN46*$G$46 -> 0 | BP46: 2 | BQ46: =BP46*$G$46 -> 0 | BR46: 2 | BS46: =BR46*$G$46 -> 0 | BT46: 2 | BU46: =BT46*$G$46 -> 0 | BV46: 2 | BW46: =BV46*$G$46 -> 0 | BX46: 2 | BY46: =BX46*$G$46 -> 0 | BZ46: 2 | CA46: =BZ46*$G$46 -> 0 | CB46: 2 | CC46: =CB46*$G$46 -> 0 | CD46: 2 | CE46: =CD46*$G$46 -> 0 | CF46: 2 | CG46: =CF46*$G$46 -> 0 | CH46: 2 | CI46: =CH46*$G$46 -> 0 | CJ46: 2 | CK46: =CJ46*$G$46 -> 0 | CL46: 1 | CM46: =CL46*$G$46 -> 0 | CN46: 1 | CO46: =CN46*$G$46 -> 0 | CP46: 1 | CQ46: =CP46*$G$46 -> 0 | CR46: 1 | CS46: =CR46*$G$46 -> 0 | CT46: 1 | CU46: =CT46*$G$46 -> 0 | CV46: 1 | CW46: =CV46*$G$46 -> 0 | CX46: 1 | CY46: =CX46*$G$46 -> 0 | CZ46: 1 | DA46: =CZ46*$G$46 -> 0 | DB46: 1 | DC46: =DB46*$G$46 -> 0 | DD46: 1 | DE46: =DD46*$G$46 -> 0 | DF46: 1 | DG46: =DF46*$G$46 -> 0 | DH46: 1 | DI46: =DH46*$G$46 -> 0 | DJ46: 1 | DK46: =DJ46*$G$46 -> 0 | DL46: 1 | DM46: =DL46*$G$46 -> 0 | DN46: 1 | DO46: =DN46*$G$46 -> 0 | DP46: 1 | DQ46: =DP46*$G$46 -> 0 | DR46: 1 | DS46: =DR46*$G$46 -> 0 | DT46: 1 | DU46: =DT46*$G$46 -> 0 | DV46: 1 | DW46: =DV46*$G$46 -> 0 | DX46: 1 | DY46: =DX46*$G$46 -> 0 | DZ46: 1 | EA46: =DZ46*$G$46 -> 0 | EB46: 1 | EC46: =EB46*$G$46 -> 0 | ED46: 1 | EE46: =ED46*$G$46 -> 0 | EF46: 1 | EG46: =EF46*$G$46 -> 0 | EH46: 1 | EI46: =EH46*$G$46 -> 0 | EJ46: 1 | EK46: =EJ46*$G$46 -> 0 | EL46: 1 | EM46: =EL46*$G$46 -> 0 | EN46: 1 | EO46: =EN46*$G$46 -> 0 | EP46: 1 | EQ46: =EP46*$G$46 -> 0 | ER46: 1 | ES46: =ER46*$G$46 -> 0 | ET46: 1 | EU46: =ET46*$G$46 -> 0 | EV46: 1 | EW46: =EV46*$G$46 -> 0 | EX46: 1 | EY46: =EX46*$G$46 -> 0 | EZ46: 1 | FA46: =EZ46*$G$46 -> 0 | FB46: 1 | FC46: =FB46*$G$46 -> 0 | FD46: 1 | FE46: =FD46*$G$46 -> 0 | FF46: 1 | FG46: =FF46*$G$46 -> 0 | FH46: 1 | FI46: =FH46*$G$46 -> 0 | FJ46: 1 | FK46: =FJ46*$G$46 -> 0 | FL46: 1 | FM46: =FL46*$G$46 -> 0 | FN46: 1 | FO46: =FN46*$G$46 -> 0 | FP46: 1 | FQ46: =FP46*$G$46 -> 0
A47: CAMISAS LISTRAS BRANCAS | B47: 913 | C47: 9I | D47: LISTRAS BRANCAS | E47: 109130019I2 | F47: 2 | G47: 2 | I47: =H46*G47 -> 320 | K47: =J46*$G$47 -> 10 | M47: =L46*$G$47 -> 10 | O47: =N46*$G$47 -> 10 | Q47: =P46*$G$47 -> 10 | S47: =R46*$G$47 -> 10 | U47: =T46*$G$47 -> 10 | W47: =V46*$G$47 -> 10 | Y47: =X46*$G$47 -> 10 | AA47: =Z46*$G$47 -> 10 | AC47: =AB46*$G$47 -> 8 | AE47: =AD46*$G$47 -> 8 | AG47: =AF46*$G$47 -> 8 | AI47: =AH46*$G$47 -> 8 | AK47: =AJ46*$G$47 -> 4 | AM47: =AL46*$G$47 -> 4 | AO47: =AN46*$G$47 -> 4 | AQ47: =AP46*$G$47 -> 4 | AS47: =AR46*$G$47 -> 4 | AU47: =AT46*$G$47 -> 4 | AW47: =AV46*$G$47 -> 4 | AY47: =AX46*$G$47 -> 4 | BA47: =AZ46*$G$47 -> 4 | BC47: =BB46*$G$47 -> 4 | BE47: =BD46*$G$47 -> 4 | BG47: =BF46*$G$47 -> 4 | BI47: =BH46*$G$47 -> 4 | BK47: =BJ46*$G$47 -> 4 | BM47: =BL46*$G$47 -> 4 | BO47: =BN46*$G$47 -> 4 | BQ47: =BP46*$G$47 -> 4 | BS47: =BR46*$G$47 -> 4 | BU47: =BT46*$G$47 -> 4 | BW47: =BV46*$G$47 -> 4 | BY47: =BX46*$G$47 -> 4 | CA47: =BZ46*$G$47 -> 4 | CC47: =CB46*$G$47 -> 4 | CE47: =CD46*$G$47 -> 4 | CG47: =CF46*$G$47 -> 4 | CI47: =CH46*$G$47 -> 4 | CK47: =CJ46*$G$47 -> 4 | CM47: =CL46*$G$47 -> 2 | CO47: =CN46*$G$47 -> 2 | CQ47: =CP46*$G$47 -> 2 | CS47: =CR46*$G$47 -> 2 | CU47: =CT46*$G$47 -> 2 | CW47: =CV46*$G$47 -> 2 | CY47: =CX46*$G$47 -> 2 | DA47: =CZ46*$G$47 -> 2 | DC47: =DB46*$G$47 -> 2 | DE47: =DD46*$G$47 -> 2 | DG47: =DF46*$G$47 -> 2 | DI47: =DH46*$G$47 -> 2 | DK47: =DJ46*$G$47 -> 2 | DM47: =DL46*$G$47 -> 2 | DO47: =DN46*$G$47 -> 2 | DQ47: =DP46*$G$47 -> 2 | DS47: =DR46*$G$47 -> 2 | DU47: =DT46*$G$47 -> 2 | DW47: =DV46*$G$47 -> 2 | DY47: =DX46*$G$47 -> 2 | EA47: =DZ46*$G$47 -> 2 | EC47: =EB46*$G$47 -> 2 | EE47: =ED46*$G$47 -> 2 | EG47: =EF46*$G$47 -> 2 | EI47: =EH46*$G$47 -> 2 | EK47: =EJ46*$G$47 -> 2 | EM47: =EL46*$G$47 -> 2 | EO47: =EN46*$G$47 -> 2 | EQ47: =EP46*$G$47 -> 2 | ES47: =ER46*$G$47 -> 2 | EU47: =ET46*$G$47 -> 2 | EW47: =EV46*$G$47 -> 2 | EY47: =EX46*$G$47 -> 2 | FA47: =EZ46*$G$47 -> 2 | FC47: =FB46*$G$47 -> 2 | FE47: =FD46*$G$47 -> 2 | FG47: =FF46*$G$47 -> 2 | FI47: =FH46*$G$47 -> 2 | FK47: =FJ46*$G$47 -> 2 | FM47: =FL46*$G$47 -> 2 | FO47: =FN46*$G$47 -> 2 | FQ47: =FP46*$G$47 -> 2
A48: CAMISAS LISTRAS BRANCAS | B48: 913 | C48: 9I | D48: LISTRAS BRANCAS | E48: 109130019I3 | F48: 3 | G48: 4 | I48: =H46*G48 -> 640 | K48: =J46*$G$48 -> 20 | M48: =L46*$G$48 -> 20 | O48: =N46*$G$48 -> 20 | Q48: =P46*$G$48 -> 20 | S48: =R46*$G$48 -> 20 | U48: =T46*$G$48 -> 20 | W48: =V46*$G$48 -> 20 | Y48: =X46*$G$48 -> 20 | AA48: =Z46*$G$48 -> 20 | AC48: =AB46*$G$48 -> 16 | AE48: =AD46*$G$48 -> 16 | AG48: =AF46*$G$48 -> 16 | AI48: =AH46*$G$48 -> 16 | AK48: =AJ46*$G$48 -> 8 | AM48: =AL46*$G$48 -> 8 | AO48: =AN46*$G$48 -> 8 | AQ48: =AP46*$G$48 -> 8 | AS48: =AR46*$G$48 -> 8 | AU48: =AT46*$G$48 -> 8 | AW48: =AV46*$G$48 -> 8 | AY48: =AX46*$G$48 -> 8 | BA48: =AZ46*$G$48 -> 8 | BC48: =BB46*$G$48 -> 8 | BE48: =BD46*$G$48 -> 8 | BG48: =BF46*$G$48 -> 8 | BI48: =BH46*$G$48 -> 8 | BK48: =BJ46*$G$48 -> 8 | BM48: =BL46*$G$48 -> 8 | BO48: =BN46*$G$48 -> 8 | BQ48: =BP46*$G$48 -> 8 | BS48: =BR46*$G$48 -> 8 | BU48: =BT46*$G$48 -> 8 | BW48: =BV46*$G$48 -> 8 | BY48: =BX46*$G$48 -> 8 | CA48: =BZ46*$G$48 -> 8 | CC48: =CB46*$G$48 -> 8 | CE48: =CD46*$G$48 -> 8 | CG48: =CF46*$G$48 -> 8 | CI48: =CH46*$G$48 -> 8 | CK48: =CJ46*$G$48 -> 8 | CM48: =CL46*$G$48 -> 4 | CO48: =CN46*$G$48 -> 4 | CQ48: =CP46*$G$48 -> 4 | CS48: =CR46*$G$48 -> 4 | CU48: =CT46*$G$48 -> 4 | CW48: =CV46*$G$48 -> 4 | CY48: =CX46*$G$48 -> 4 | DA48: =CZ46*$G$48 -> 4 | DC48: =DB46*$G$48 -> 4 | DE48: =DD46*$G$48 -> 4 | DG48: =DF46*$G$48 -> 4 | DI48: =DH46*$G$48 -> 4 | DK48: =DJ46*$G$48 -> 4 | DM48: =DL46*$G$48 -> 4 | DO48: =DN46*$G$48 -> 4 | DQ48: =DP46*$G$48 -> 4 | DS48: =DR46*$G$48 -> 4 | DU48: =DT46*$G$48 -> 4 | DW48: =DV46*$G$48 -> 4 | DY48: =DX46*$G$48 -> 4 | EA48: =DZ46*$G$48 -> 4 | EC48: =EB46*$G$48 -> 4 | EE48: =ED46*$G$48 -> 4 | EG48: =EF46*$G$48 -> 4 | EI48: =EH46*$G$48 -> 4 | EK48: =EJ46*$G$48 -> 4 | EM48: =EL46*$G$48 -> 4 | EO48: =EN46*$G$48 -> 4 | EQ48: =EP46*$G$48 -> 4 | ES48: =ER46*$G$48 -> 4 | EU48: =ET46*$G$48 -> 4 | EW48: =EV46*$G$48 -> 4 | EY48: =EX46*$G$48 -> 4 | FA48: =EZ46*$G$48 -> 4 | FC48: =FB46*$G$48 -> 4 | FE48: =FD46*$G$48 -> 4 | FG48: =FF46*$G$48 -> 4 | FI48: =FH46*$G$48 -> 4 | FK48: =FJ46*$G$48 -> 4 | FM48: =FL46*$G$48 -> 4 | FO48: =FN46*$G$48 -> 4 | FQ48: =FP46*$G$48 -> 4
A49: CAMISAS LISTRAS BRANCAS | B49: 913 | C49: 9I | D49: LISTRAS BRANCAS | E49: 109130019I4 | F49: 4 | G49: 2 | I49: =H46*G49 -> 320 | K49: =J46*$G$49 -> 10 | M49: =L46*$G$49 -> 10 | O49: =N46*$G$49 -> 10 | Q49: =P46*$G$49 -> 10 | S49: =R46*$G$49 -> 10 | U49: =T46*$G$49 -> 10 | W49: =V46*$G$49 -> 10 | Y49: =X46*$G$49 -> 10 | AA49: =Z46*$G$49 -> 10 | AC49: =AB46*$G$49 -> 8 | AE49: =AD46*$G$49 -> 8 | AG49: =AF46*$G$49 -> 8 | AI49: =AH46*$G$49 -> 8 | AK49: =AJ46*$G$49 -> 4 | AM49: =AL46*$G$49 -> 4 | AO49: =AN46*$G$49 -> 4 | AQ49: =AP46*$G$49 -> 4 | AS49: =AR46*$G$49 -> 4 | AU49: =AT46*$G$49 -> 4 | AW49: =AV46*$G$49 -> 4 | AY49: =AX46*$G$49 -> 4 | BA49: =AZ46*$G$49 -> 4 | BC49: =BB46*$G$49 -> 4 | BE49: =BD46*$G$49 -> 4 | BG49: =BF46*$G$49 -> 4 | BI49: =BH46*$G$49 -> 4 | BK49: =BJ46*$G$49 -> 4 | BM49: =BL46*$G$49 -> 4 | BO49: =BN46*$G$49 -> 4 | BQ49: =BP46*$G$49 -> 4 | BS49: =BR46*$G$49 -> 4 | BU49: =BT46*$G$49 -> 4 | BW49: =BV46*$G$49 -> 4 | BY49: =BX46*$G$49 -> 4 | CA49: =BZ46*$G$49 -> 4 | CC49: =CB46*$G$49 -> 4 | CE49: =CD46*$G$49 -> 4 | CG49: =CF46*$G$49 -> 4 | CI49: =CH46*$G$49 -> 4 | CK49: =CJ46*$G$49 -> 4 | CM49: =CL46*$G$49 -> 2 | CO49: =CN46*$G$49 -> 2 | CQ49: =CP46*$G$49 -> 2 | CS49: =CR46*$G$49 -> 2 | CU49: =CT46*$G$49 -> 2 | CW49: =CV46*$G$49 -> 2 | CY49: =CX46*$G$49 -> 2 | DA49: =CZ46*$G$49 -> 2 | DC49: =DB46*$G$49 -> 2 | DE49: =DD46*$G$49 -> 2 | DG49: =DF46*$G$49 -> 2 | DI49: =DH46*$G$49 -> 2 | DK49: =DJ46*$G$49 -> 2 | DM49: =DL46*$G$49 -> 2 | DO49: =DN46*$G$49 -> 2 | DQ49: =DP46*$G$49 -> 2 | DS49: =DR46*$G$49 -> 2 | DU49: =DT46*$G$49 -> 2 | DW49: =DV46*$G$49 -> 2 | DY49: =DX46*$G$49 -> 2 | EA49: =DZ46*$G$49 -> 2 | EC49: =EB46*$G$49 -> 2 | EE49: =ED46*$G$49 -> 2 | EG49: =EF46*$G$49 -> 2 | EI49: =EH46*$G$49 -> 2 | EK49: =EJ46*$G$49 -> 2 | EM49: =EL46*$G$49 -> 2 | EO49: =EN46*$G$49 -> 2 | EQ49: =EP46*$G$49 -> 2 | ES49: =ER46*$G$49 -> 2 | EU49: =ET46*$G$49 -> 2 | EW49: =EV46*$G$49 -> 2 | EY49: =EX46*$G$49 -> 2 | FA49: =EZ46*$G$49 -> 2 | FC49: =FB46*$G$49 -> 2 | FE49: =FD46*$G$49 -> 2 | FG49: =FF46*$G$49 -> 2 | FI49: =FH46*$G$49 -> 2 | FK49: =FJ46*$G$49 -> 2 | FM49: =FL46*$G$49 -> 2 | FO49: =FN46*$G$49 -> 2 | FQ49: =FP46*$G$49 -> 2
A50: CAMISAS LISTRAS BRANCAS | B50: 913 | C50: 9I | D50: LISTRAS BRANCAS | E50: 109130019I5 | F50: 5 | G50: 2 | I50: =H46*G50 -> 320 | K50: =J46*$G$50 -> 10 | M50: =L46*$G$50 -> 10 | O50: =N46*$G$50 -> 10 | Q50: =P46*$G$50 -> 10 | S50: =R46*$G$50 -> 10 | U50: =T46*$G$50 -> 10 | W50: =V46*$G$50 -> 10 | Y50: =X46*$G$50 -> 10 | AA50: =Z46*$G$50 -> 10 | AC50: =AB46*$G$50 -> 8 | AE50: =AD46*$G$50 -> 8 | AG50: =AF46*$G$50 -> 8 | AI50: =AH46*$G$50 -> 8 | AK50: =AJ46*$G$50 -> 4 | AM50: =AL46*$G$50 -> 4 | AO50: =AN46*$G$50 -> 4 | AQ50: =AP46*$G$50 -> 4 | AS50: =AR46*$G$50 -> 4 | AU50: =AT46*$G$50 -> 4 | AW50: =AV46*$G$50 -> 4 | AY50: =AX46*$G$50 -> 4 | BA50: =AZ46*$G$50 -> 4 | BC50: =BB46*$G$50 -> 4 | BE50: =BD46*$G$50 -> 4 | BG50: =BF46*$G$50 -> 4 | BI50: =BH46*$G$50 -> 4 | BK50: =BJ46*$G$50 -> 4 | BM50: =BL46*$G$50 -> 4 | BO50: =BN46*$G$50 -> 4 | BQ50: =BP46*$G$50 -> 4 | BS50: =BR46*$G$50 -> 4 | BU50: =BT46*$G$50 -> 4 | BW50: =BV46*$G$50 -> 4 | BY50: =BX46*$G$50 -> 4 | CA50: =BZ46*$G$50 -> 4 | CC50: =CB46*$G$50 -> 4 | CE50: =CD46*$G$50 -> 4 | CG50: =CF46*$G$50 -> 4 | CI50: =CH46*$G$50 -> 4 | CK50: =CJ46*$G$50 -> 4 | CM50: =CL46*$G$50 -> 2 | CO50: =CN46*$G$50 -> 2 | CQ50: =CP46*$G$50 -> 2 | CS50: =CR46*$G$50 -> 2 | CU50: =CT46*$G$50 -> 2 | CW50: =CV46*$G$50 -> 2 | CY50: =CX46*$G$50 -> 2 | DA50: =CZ46*$G$50 -> 2 | DC50: =DB46*$G$50 -> 2 | DE50: =DD46*$G$50 -> 2 | DG50: =DF46*$G$50 -> 2 | DI50: =DH46*$G$50 -> 2 | DK50: =DJ46*$G$50 -> 2 | DM50: =DL46*$G$50 -> 2 | DO50: =DN46*$G$50 -> 2 | DQ50: =DP46*$G$50 -> 2 | DS50: =DR46*$G$50 -> 2 | DU50: =DT46*$G$50 -> 2 | DW50: =DV46*$G$50 -> 2 | DY50: =DX46*$G$50 -> 2 | EA50: =DZ46*$G$50 -> 2 | EC50: =EB46*$G$50 -> 2 | EE50: =ED46*$G$50 -> 2 | EG50: =EF46*$G$50 -> 2 | EI50: =EH46*$G$50 -> 2 | EK50: =EJ46*$G$50 -> 2 | EM50: =EL46*$G$50 -> 2 | EO50: =EN46*$G$50 -> 2 | EQ50: =EP46*$G$50 -> 2 | ES50: =ER46*$G$50 -> 2 | EU50: =ET46*$G$50 -> 2 | EW50: =EV46*$G$50 -> 2 | EY50: =EX46*$G$50 -> 2 | FA50: =EZ46*$G$50 -> 2 | FC50: =FB46*$G$50 -> 2 | FE50: =FD46*$G$50 -> 2 | FG50: =FF46*$G$50 -> 2 | FI50: =FH46*$G$50 -> 2 | FK50: =FJ46*$G$50 -> 2 | FM50: =FL46*$G$50 -> 2 | FO50: =FN46*$G$50 -> 2 | FQ50: =FP46*$G$50 -> 2
A51: CAMISAS LISTRAS BRANCAS | B51: 913 | C51: 9I | D51: LISTRAS BRANCAS | E51: 109130019I6 | F51: 6 | G51: 0 | I51: =H46*G51 -> 0 | K51: =J46*$G$51 -> 0 | M51: =L46*$G$51 -> 0 | O51: =N46*$G$51 -> 0 | Q51: =P46*$G$51 -> 0 | S51: =R46*$G$51 -> 0 | U51: =T46*$G$51 -> 0 | W51: =V46*$G$51 -> 0 | Y51: =X46*$G$51 -> 0 | AA51: =Z46*$G$51 -> 0 | AC51: =AB46*$G$51 -> 0 | AE51: =AD46*$G$51 -> 0 | AG51: =AF46*$G$51 -> 0 | AI51: =AH46*$G$51 -> 0 | AK51: =AJ46*$G$51 -> 0 | AM51: =AL46*$G$51 -> 0 | AO51: =AN46*$G$51 -> 0 | AQ51: =AP46*$G$51 -> 0 | AS51: =AR46*$G$51 -> 0 | AU51: =AT46*$G$51 -> 0 | AW51: =AV46*$G$51 -> 0 | AY51: =AX46*$G$51 -> 0 | BA51: =AZ46*$G$51 -> 0 | BC51: =BB46*$G$51 -> 0 | BE51: =BD46*$G$51 -> 0 | BG51: =BF46*$G$51 -> 0 | BI51: =BH46*$G$51 -> 0 | BK51: =BJ46*$G$51 -> 0 | BM51: =BL46*$G$51 -> 0 | BO51: =BN46*$G$51 -> 0 | BQ51: =BP46*$G$51 -> 0 | BS51: =BR46*$G$51 -> 0 | BU51: =BT46*$G$51 -> 0 | BW51: =BV46*$G$51 -> 0 | BY51: =BX46*$G$51 -> 0 | CA51: =BZ46*$G$51 -> 0 | CC51: =CB46*$G$51 -> 0 | CE51: =CD46*$G$51 -> 0 | CG51: =CF46*$G$51 -> 0 | CI51: =CH46*$G$51 -> 0 | CK51: =CJ46*$G$51 -> 0 | CM51: =CL46*$G$51 -> 0 | CO51: =CN46*$G$51 -> 0 | CQ51: =CP46*$G$51 -> 0 | CS51: =CR46*$G$51 -> 0 | CU51: =CT46*$G$51 -> 0 | CW51: =CV46*$G$51 -> 0 | CY51: =CX46*$G$51 -> 0 | DA51: =CZ46*$G$51 -> 0 | DC51: =DB46*$G$51 -> 0 | DE51: =DD46*$G$51 -> 0 | DG51: =DF46*$G$51 -> 0 | DI51: =DH46*$G$51 -> 0 | DK51: =DJ46*$G$51 -> 0 | DM51: =DL46*$G$51 -> 0 | DO51: =DN46*$G$51 -> 0 | DQ51: =DP46*$G$51 -> 0 | DS51: =DR46*$G$51 -> 0 | DU51: =DT46*$G$51 -> 0 | DW51: =DV46*$G$51 -> 0 | DY51: =DX46*$G$51 -> 0 | EA51: =DZ46*$G$51 -> 0 | EC51: =EB46*$G$51 -> 0 | EE51: =ED46*$G$51 -> 0 | EG51: =EF46*$G$51 -> 0 | EI51: =EH46*$G$51 -> 0 | EK51: =EJ46*$G$51 -> 0 | EM51: =EL46*$G$51 -> 0 | EO51: =EN46*$G$51 -> 0 | EQ51: =EP46*$G$51 -> 0 | ES51: =ER46*$G$51 -> 0 | EU51: =ET46*$G$51 -> 0 | EW51: =EV46*$G$51 -> 0 | EY51: =EX46*$G$51 -> 0 | FA51: =EZ46*$G$51 -> 0 | FC51: =FB46*$G$51 -> 0 | FE51: =FD46*$G$51 -> 0 | FG51: =FF46*$G$51 -> 0 | FI51: =FH46*$G$51 -> 0 | FK51: =FJ46*$G$51 -> 0 | FM51: =FL46*$G$51 -> 0 | FO51: =FN46*$G$51 -> 0 | FQ51: =FP46*$G$51 -> 0
A52: CAMISAS LISTRAS BRANCAS | B52: 913 | C52: 6V | D52: LISTRAS BRANCAS | E52: 109130016V1 | F52: 1 | G52: 0 | H52: 140 | I52: =H52*G52 -> 0 | J52: 6 | K52: =J52*$G$52 -> 0 | L52: 6 | M52: =L52*$G$52 -> 0 | N52: 6 | O52: =N52*$G$52 -> 0 | P52: 5 | Q52: =P52*$G$52 -> 0 | R52: 5 | S52: =R52*$G$52 -> 0 | T52: 5 | U52: =T52*$G$52 -> 0 | V52: 5 | W52: =V52*$G$52 -> 0 | X52: 5 | Y52: =X52*$G$52 -> 0 | Z52: 5 | AA52: =Z52*$G$52 -> 0 | AB52: 5 | AC52: =AB52*$G$52 -> 0 | AD52: 5 | AE52: =AD52*$G$52 -> 0 | AF52: 5 | AG52: =AF52*$G$52 -> 0 | AH52: 5 | AI52: =AH52*$G$52 -> 0 | AJ52: 1 | AK52: =AJ52*$G$52 -> 0 | AL52: 1 | AM52: =AL52*$G$52 -> 0 | AN52: 1 | AO52: =AN52*$G$52 -> 0 | AP52: 1 | AQ52: =AP52*$G$52 -> 0 | AR52: 1 | AS52: =AR52*$G$52 -> 0 | AT52: 1 | AU52: =AT52*$G$52 -> 0 | AV52: 1 | AW52: =AV52*$G$52 -> 0 | AX52: 1 | AY52: =AX52*$G$52 -> 0 | AZ52: 1 | BA52: =AZ52*$G$52 -> 0 | BB52: 1 | BC52: =BB52*$G$52 -> 0 | BD52: 1 | BE52: =BD52*$G$52 -> 0 | BF52: 1 | BG52: =BF52*$G$52 -> 0 | BH52: 1 | BI52: =BH52*$G$52 -> 0 | BJ52: 1 | BK52: =BJ52*$G$52 -> 0 | BL52: 1 | BM52: =BL52*$G$52 -> 0 | BN52: 1 | BO52: =BN52*$G$52 -> 0 | BP52: 1 | BQ52: =BP52*$G$52 -> 0 | BR52: 1 | BS52: =BR52*$G$52 -> 0 | BT52: 1 | BU52: =BT52*$G$52 -> 0 | BV52: 1 | BW52: =BV52*$G$52 -> 0 | BX52: 1 | BY52: =BX52*$G$52 -> 0 | BZ52: 1 | CA52: =BZ52*$G$52 -> 0 | CB52: 1 | CC52: =CB52*$G$52 -> 0 | CD52: 1 | CE52: =CD52*$G$52 -> 0 | CF52: 1 | CG52: =CF52*$G$52 -> 0 | CH52: 1 | CI52: =CH52*$G$52 -> 0 | CJ52: 1 | CK52: =CJ52*$G$52 -> 0 | CL52: 1 | CM52: =CL52*$G$52 -> 0 | CN52: 1 | CO52: =CN52*$G$52 -> 0 | CP52: 1 | CQ52: =CP52*$G$52 -> 0 | CR52: 1 | CS52: =CR52*$G$52 -> 0 | CT52: 1 | CU52: =CT52*$G$52 -> 0 | CV52: 1 | CW52: =CV52*$G$52 -> 0 | CX52: 1 | CY52: =CX52*$G$52 -> 0 | CZ52: 1 | DA52: =CZ52*$G$52 -> 0 | DB52: 1 | DC52: =DB52*$G$52 -> 0 | DD52: 1 | DE52: =DD52*$G$52 -> 0 | DF52: 1 | DG52: =DF52*$G$52 -> 0 | DH52: 1 | DI52: =DH52*$G$52 -> 0 | DJ52: 1 | DK52: =DJ52*$G$52 -> 0 | DL52: 1 | DM52: =DL52*$G$52 -> 0 | DN52: 1 | DO52: =DN52*$G$52 -> 0 | DP52: 1 | DQ52: =DP52*$G$52 -> 0 | DR52: 1 | DS52: =DR52*$G$52 -> 0 | DT52: 1 | DU52: =DT52*$G$52 -> 0 | DV52: 1 | DW52: =DV52*$G$52 -> 0 | DX52: 1 | DY52: =DX52*$G$52 -> 0 | DZ52: 1 | EA52: =DZ52*$G$52 -> 0 | EB52: 1 | EC52: =EB52*$G$52 -> 0 | ED52: 1 | EE52: =ED52*$G$52 -> 0 | EF52: 1 | EG52: =EF52*$G$52 -> 0 | EH52: 1 | EI52: =EH52*$G$52 -> 0 | EJ52: 1 | EK52: =EJ52*$G$52 -> 0 | EL52: 1 | EM52: =EL52*$G$52 -> 0 | EN52: 1 | EO52: =EN52*$G$52 -> 0 | EP52: 1 | EQ52: =EP52*$G$52 -> 0 | ER52: 1 | ES52: =ER52*$G$52 -> 0 | ET52: 1 | EU52: =ET52*$G$52 -> 0 | EV52: 1 | EW52: =EV52*$G$52 -> 0 | EX52: 1 | EY52: =EX52*$G$52 -> 0 | EZ52: 1 | FA52: =EZ52*$G$52 -> 0 | FB52: 1 | FC52: =FB52*$G$52 -> 0 | FD52: 1 | FE52: =FD52*$G$52 -> 0 | FF52: 1 | FG52: =FF52*$G$52 -> 0 | FH52: 1 | FI52: =FH52*$G$52 -> 0 | FJ52: 1 | FK52: =FJ52*$G$52 -> 0 | FL52: 1 | FM52: =FL52*$G$52 -> 0 | FN52: 1 | FO52: =FN52*$G$52 -> 0 | FP52: 1 | FQ52: =FP52*$G$52 -> 0
A53: CAMISAS LISTRAS BRANCAS | B53: 913 | C53: 6V | D53: LISTRAS BRANCAS | E53: 109130016V2 | F53: 2 | G53: 2 | I53: =H52*G53 -> 280 | K53: =J52*$G$53 -> 12 | M53: =L52*$G$53 -> 12 | O53: =N52*$G$53 -> 12 | Q53: =P52*$G$53 -> 10 | S53: =R52*$G$53 -> 10 | U53: =T52*$G$53 -> 10 | W53: =V52*$G$53 -> 10 | Y53: =X52*$G$53 -> 10 | AA53: =Z52*$G$53 -> 10 | AC53: =AB52*$G$53 -> 10 | AE53: =AD52*$G$53 -> 10 | AG53: =AF52*$G$53 -> 10 | AI53: =AH52*$G$53 -> 10 | AK53: =AJ52*$G$53 -> 2 | AM53: =AL52*$G$53 -> 2 | AO53: =AN52*$G$53 -> 2 | AQ53: =AP52*$G$53 -> 2 | AS53: =AR52*$G$53 -> 2 | AU53: =AT52*$G$53 -> 2 | AW53: =AV52*$G$53 -> 2 | AY53: =AX52*$G$53 -> 2 | BA53: =AZ52*$G$53 -> 2 | BC53: =BB52*$G$53 -> 2 | BE53: =BD52*$G$53 -> 2 | BG53: =BF52*$G$53 -> 2 | BI53: =BH52*$G$53 -> 2 | BK53: =BJ52*$G$53 -> 2 | BM53: =BL52*$G$53 -> 2 | BO53: =BN52*$G$53 -> 2 | BQ53: =BP52*$G$53 -> 2 | BS53: =BR52*$G$53 -> 2 | BU53: =BT52*$G$53 -> 2 | BW53: =BV52*$G$53 -> 2 | BY53: =BX52*$G$53 -> 2 | CA53: =BZ52*$G$53 -> 2 | CC53: =CB52*$G$53 -> 2 | CE53: =CD52*$G$53 -> 2 | CG53: =CF52*$G$53 -> 2 | CI53: =CH52*$G$53 -> 2 | CK53: =CJ52*$G$53 -> 2 | CM53: =CL52*$G$53 -> 2 | CO53: =CN52*$G$53 -> 2 | CQ53: =CP52*$G$53 -> 2 | CS53: =CR52*$G$53 -> 2 | CU53: =CT52*$G$53 -> 2 | CW53: =CV52*$G$53 -> 2 | CY53: =CX52*$G$53 -> 2 | DA53: =CZ52*$G$53 -> 2 | DC53: =DB52*$G$53 -> 2 | DE53: =DD52*$G$53 -> 2 | DG53: =DF52*$G$53 -> 2 | DI53: =DH52*$G$53 -> 2 | DK53: =DJ52*$G$53 -> 2 | DM53: =DL52*$G$53 -> 2 | DO53: =DN52*$G$53 -> 2 | DQ53: =DP52*$G$53 -> 2 | DS53: =DR52*$G$53 -> 2 | DU53: =DT52*$G$53 -> 2 | DW53: =DV52*$G$53 -> 2 | DY53: =DX52*$G$53 -> 2 | EA53: =DZ52*$G$53 -> 2 | EC53: =EB52*$G$53 -> 2 | EE53: =ED52*$G$53 -> 2 | EG53: =EF52*$G$53 -> 2 | EI53: =EH52*$G$53 -> 2 | EK53: =EJ52*$G$53 -> 2 | EM53: =EL52*$G$53 -> 2 | EO53: =EN52*$G$53 -> 2 | EQ53: =EP52*$G$53 -> 2 | ES53: =ER52*$G$53 -> 2 | EU53: =ET52*$G$53 -> 2 | EW53: =EV52*$G$53 -> 2 | EY53: =EX52*$G$53 -> 2 | FA53: =EZ52*$G$53 -> 2 | FC53: =FB52*$G$53 -> 2 | FE53: =FD52*$G$53 -> 2 | FG53: =FF52*$G$53 -> 2 | FI53: =FH52*$G$53 -> 2 | FK53: =FJ52*$G$53 -> 2 | FM53: =FL52*$G$53 -> 2 | FO53: =FN52*$G$53 -> 2 | FQ53: =FP52*$G$53 -> 2
A54: CAMISAS LISTRAS BRANCAS | B54: 913 | C54: 6V | D54: LISTRAS BRANCAS | E54: 109130016V3 | F54: 3 | G54: 4 | I54: =H52*G54 -> 560 | K54: =J52*$G$54 -> 24 | M54: =L52*$G$54 -> 24 | O54: =N52*$G$54 -> 24 | Q54: =P52*$G$54 -> 20 | S54: =R52*$G$54 -> 20 | U54: =T52*$G$54 -> 20 | W54: =V52*$G$54 -> 20 | Y54: =X52*$G$54 -> 20 | AA54: =Z52*$G$54 -> 20 | AC54: =AB52*$G$54 -> 20 | AE54: =AD52*$G$54 -> 20 | AG54: =AF52*$G$54 -> 20 | AI54: =AH52*$G$54 -> 20 | AK54: =AJ52*$G$54 -> 4 | AM54: =AL52*$G$54 -> 4 | AO54: =AN52*$G$54 -> 4 | AQ54: =AP52*$G$54 -> 4 | AS54: =AR52*$G$54 -> 4 | AU54: =AT52*$G$54 -> 4 | AW54: =AV52*$G$54 -> 4 | AY54: =AX52*$G$54 -> 4 | BA54: =AZ52*$G$54 -> 4 | BC54: =BB52*$G$54 -> 4 | BE54: =BD52*$G$54 -> 4 | BG54: =BF52*$G$54 -> 4 | BI54: =BH52*$G$54 -> 4 | BK54: =BJ52*$G$54 -> 4 | BM54: =BL52*$G$54 -> 4 | BO54: =BN52*$G$54 -> 4 | BQ54: =BP52*$G$54 -> 4 | BS54: =BR52*$G$54 -> 4 | BU54: =BT52*$G$54 -> 4 | BW54: =BV52*$G$54 -> 4 | BY54: =BX52*$G$54 -> 4 | CA54: =BZ52*$G$54 -> 4 | CC54: =CB52*$G$54 -> 4 | CE54: =CD52*$G$54 -> 4 | CG54: =CF52*$G$54 -> 4 | CI54: =CH52*$G$54 -> 4 | CK54: =CJ52*$G$54 -> 4 | CM54: =CL52*$G$54 -> 4 | CO54: =CN52*$G$54 -> 4 | CQ54: =CP52*$G$54 -> 4 | CS54: =CR52*$G$54 -> 4 | CU54: =CT52*$G$54 -> 4 | CW54: =CV52*$G$54 -> 4 | CY54: =CX52*$G$54 -> 4 | DA54: =CZ52*$G$54 -> 4 | DC54: =DB52*$G$54 -> 4 | DE54: =DD52*$G$54 -> 4 | DG54: =DF52*$G$54 -> 4 | DI54: =DH52*$G$54 -> 4 | DK54: =DJ52*$G$54 -> 4 | DM54: =DL52*$G$54 -> 4 | DO54: =DN52*$G$54 -> 4 | DQ54: =DP52*$G$54 -> 4 | DS54: =DR52*$G$54 -> 4 | DU54: =DT52*$G$54 -> 4 | DW54: =DV52*$G$54 -> 4 | DY54: =DX52*$G$54 -> 4 | EA54: =DZ52*$G$54 -> 4 | EC54: =EB52*$G$54 -> 4 | EE54: =ED52*$G$54 -> 4 | EG54: =EF52*$G$54 -> 4 | EI54: =EH52*$G$54 -> 4 | EK54: =EJ52*$G$54 -> 4 | EM54: =EL52*$G$54 -> 4 | EO54: =EN52*$G$54 -> 4 | EQ54: =EP52*$G$54 -> 4 | ES54: =ER52*$G$54 -> 4 | EU54: =ET52*$G$54 -> 4 | EW54: =EV52*$G$54 -> 4 | EY54: =EX52*$G$54 -> 4 | FA54: =EZ52*$G$54 -> 4 | FC54: =FB52*$G$54 -> 4 | FE54: =FD52*$G$54 -> 4 | FG54: =FF52*$G$54 -> 4 | FI54: =FH52*$G$54 -> 4 | FK54: =FJ52*$G$54 -> 4 | FM54: =FL52*$G$54 -> 4 | FO54: =FN52*$G$54 -> 4 | FQ54: =FP52*$G$54 -> 4
A55: CAMISAS LISTRAS BRANCAS | B55: 913 | C55: 6V | D55: LISTRAS BRANCAS | E55: 109130016V4 | F55: 4 | G55: 2 | I55: =H52*G55 -> 280 | K55: =J52*$G$55 -> 12 | M55: =L52*$G$55 -> 12 | O55: =N52*$G$55 -> 12 | Q55: =P52*$G$55 -> 10 | S55: =R52*$G$55 -> 10 | U55: =T52*$G$55 -> 10 | W55: =V52*$G$55 -> 10 | Y55: =X52*$G$55 -> 10 | AA55: =Z52*$G$55 -> 10 | AC55: =AB52*$G$55 -> 10 | AE55: =AD52*$G$55 -> 10 | AG55: =AF52*$G$55 -> 10 | AI55: =AH52*$G$55 -> 10 | AK55: =AJ52*$G$55 -> 2 | AM55: =AL52*$G$55 -> 2 | AO55: =AN52*$G$55 -> 2 | AQ55: =AP52*$G$55 -> 2 | AS55: =AR52*$G$55 -> 2 | AU55: =AT52*$G$55 -> 2 | AW55: =AV52*$G$55 -> 2 | AY55: =AX52*$G$55 -> 2 | BA55: =AZ52*$G$55 -> 2 | BC55: =BB52*$G$55 -> 2 | BE55: =BD52*$G$55 -> 2 | BG55: =BF52*$G$55 -> 2 | BI55: =BH52*$G$55 -> 2 | BK55: =BJ52*$G$55 -> 2 | BM55: =BL52*$G$55 -> 2 | BO55: =BN52*$G$55 -> 2 | BQ55: =BP52*$G$55 -> 2 | BS55: =BR52*$G$55 -> 2 | BU55: =BT52*$G$55 -> 2 | BW55: =BV52*$G$55 -> 2 | BY55: =BX52*$G$55 -> 2 | CA55: =BZ52*$G$55 -> 2 | CC55: =CB52*$G$55 -> 2 | CE55: =CD52*$G$55 -> 2 | CG55: =CF52*$G$55 -> 2 | CI55: =CH52*$G$55 -> 2 | CK55: =CJ52*$G$55 -> 2 | CM55: =CL52*$G$55 -> 2 | CO55: =CN52*$G$55 -> 2 | CQ55: =CP52*$G$55 -> 2 | CS55: =CR52*$G$55 -> 2 | CU55: =CT52*$G$55 -> 2 | CW55: =CV52*$G$55 -> 2 | CY55: =CX52*$G$55 -> 2 | DA55: =CZ52*$G$55 -> 2 | DC55: =DB52*$G$55 -> 2 | DE55: =DD52*$G$55 -> 2 | DG55: =DF52*$G$55 -> 2 | DI55: =DH52*$G$55 -> 2 | DK55: =DJ52*$G$55 -> 2 | DM55: =DL52*$G$55 -> 2 | DO55: =DN52*$G$55 -> 2 | DQ55: =DP52*$G$55 -> 2 | DS55: =DR52*$G$55 -> 2 | DU55: =DT52*$G$55 -> 2 | DW55: =DV52*$G$55 -> 2 | DY55: =DX52*$G$55 -> 2 | EA55: =DZ52*$G$55 -> 2 | EC55: =EB52*$G$55 -> 2 | EE55: =ED52*$G$55 -> 2 | EG55: =EF52*$G$55 -> 2 | EI55: =EH52*$G$55 -> 2 | EK55: =EJ52*$G$55 -> 2 | EM55: =EL52*$G$55 -> 2 | EO55: =EN52*$G$55 -> 2 | EQ55: =EP52*$G$55 -> 2 | ES55: =ER52*$G$55 -> 2 | EU55: =ET52*$G$55 -> 2 | EW55: =EV52*$G$55 -> 2 | EY55: =EX52*$G$55 -> 2 | FA55: =EZ52*$G$55 -> 2 | FC55: =FB52*$G$55 -> 2 | FE55: =FD52*$G$55 -> 2 | FG55: =FF52*$G$55 -> 2 | FI55: =FH52*$G$55 -> 2 | FK55: =FJ52*$G$55 -> 2 | FM55: =FL52*$G$55 -> 2 | FO55: =FN52*$G$55 -> 2 | FQ55: =FP52*$G$55 -> 2
A56: CAMISAS LISTRAS BRANCAS | B56: 913 | C56: 6V | D56: LISTRAS BRANCAS | E56: 109130016V5 | F56: 5 | G56: 2 | I56: =H52*G56 -> 280 | K56: =J52*$G$56 -> 12 | M56: =L52*$G$56 -> 12 | O56: =N52*$G$56 -> 12 | Q56: =P52*$G$56 -> 10 | S56: =R52*$G$56 -> 10 | U56: =T52*$G$56 -> 10 | W56: =V52*$G$56 -> 10 | Y56: =X52*$G$56 -> 10 | AA56: =Z52*$G$56 -> 10 | AC56: =AB52*$G$56 -> 10 | AE56: =AD52*$G$56 -> 10 | AG56: =AF52*$G$56 -> 10 | AI56: =AH52*$G$56 -> 10 | AK56: =AJ52*$G$56 -> 2 | AM56: =AL52*$G$56 -> 2 | AO56: =AN52*$G$56 -> 2 | AQ56: =AP52*$G$56 -> 2 | AS56: =AR52*$G$56 -> 2 | AU56: =AT52*$G$56 -> 2 | AW56: =AV52*$G$56 -> 2 | AY56: =AX52*$G$56 -> 2 | BA56: =AZ52*$G$56 -> 2 | BC56: =BB52*$G$56 -> 2 | BE56: =BD52*$G$56 -> 2 | BG56: =BF52*$G$56 -> 2 | BI56: =BH52*$G$56 -> 2 | BK56: =BJ52*$G$56 -> 2 | BM56: =BL52*$G$56 -> 2 | BO56: =BN52*$G$56 -> 2 | BQ56: =BP52*$G$56 -> 2 | BS56: =BR52*$G$56 -> 2 | BU56: =BT52*$G$56 -> 2 | BW56: =BV52*$G$56 -> 2 | BY56: =BX52*$G$56 -> 2 | CA56: =BZ52*$G$56 -> 2 | CC56: =CB52*$G$56 -> 2 | CE56: =CD52*$G$56 -> 2 | CG56: =CF52*$G$56 -> 2 | CI56: =CH52*$G$56 -> 2 | CK56: =CJ52*$G$56 -> 2 | CM56: =CL52*$G$56 -> 2 | CO56: =CN52*$G$56 -> 2 | CQ56: =CP52*$G$56 -> 2 | CS56: =CR52*$G$56 -> 2 | CU56: =CT52*$G$56 -> 2 | CW56: =CV52*$G$56 -> 2 | CY56: =CX52*$G$56 -> 2 | DA56: =CZ52*$G$56 -> 2 | DC56: =DB52*$G$56 -> 2 | DE56: =DD52*$G$56 -> 2 | DG56: =DF52*$G$56 -> 2 | DI56: =DH52*$G$56 -> 2 | DK56: =DJ52*$G$56 -> 2 | DM56: =DL52*$G$56 -> 2 | DO56: =DN52*$G$56 -> 2 | DQ56: =DP52*$G$56 -> 2 | DS56: =DR52*$G$56 -> 2 | DU56: =DT52*$G$56 -> 2 | DW56: =DV52*$G$56 -> 2 | DY56: =DX52*$G$56 -> 2 | EA56: =DZ52*$G$56 -> 2 | EC56: =EB52*$G$56 -> 2 | EE56: =ED52*$G$56 -> 2 | EG56: =EF52*$G$56 -> 2 | EI56: =EH52*$G$56 -> 2 | EK56: =EJ52*$G$56 -> 2 | EM56: =EL52*$G$56 -> 2 | EO56: =EN52*$G$56 -> 2 | EQ56: =EP52*$G$56 -> 2 | ES56: =ER52*$G$56 -> 2 | EU56: =ET52*$G$56 -> 2 | EW56: =EV52*$G$56 -> 2 | EY56: =EX52*$G$56 -> 2 | FA56: =EZ52*$G$56 -> 2 | FC56: =FB52*$G$56 -> 2 | FE56: =FD52*$G$56 -> 2 | FG56: =FF52*$G$56 -> 2 | FI56: =FH52*$G$56 -> 2 | FK56: =FJ52*$G$56 -> 2 | FM56: =FL52*$G$56 -> 2 | FO56: =FN52*$G$56 -> 2 | FQ56: =FP52*$G$56 -> 2
A57: CAMISAS LISTRAS BRANCAS | B57: 913 | C57: 6V | D57: LISTRAS BRANCAS | E57: 109130016V6 | F57: 6 | G57: 0 | I57: =H52*G57 -> 0 | K57: =J52*$G$57 -> 0 | M57: =L52*$G$57 -> 0 | O57: =N52*$G$57 -> 0 | Q57: =P52*$G$57 -> 0 | S57: =R52*$G$57 -> 0 | U57: =T52*$G$57 -> 0 | W57: =V52*$G$57 -> 0 | Y57: =X52*$G$57 -> 0 | AA57: =Z52*$G$57 -> 0 | AC57: =AB52*$G$57 -> 0 | AE57: =AD52*$G$57 -> 0 | AG57: =AF52*$G$57 -> 0 | AI57: =AH52*$G$57 -> 0 | AK57: =AJ52*$G$57 -> 0 | AM57: =AL52*$G$57 -> 0 | AO57: =AN52*$G$57 -> 0 | AQ57: =AP52*$G$57 -> 0 | AS57: =AR52*$G$57 -> 0 | AU57: =AT52*$G$57 -> 0 | AW57: =AV52*$G$57 -> 0 | AY57: =AX52*$G$57 -> 0 | BA57: =AZ52*$G$57 -> 0 | BC57: =BB52*$G$57 -> 0 | BE57: =BD52*$G$57 -> 0 | BG57: =BF52*$G$57 -> 0 | BI57: =BH52*$G$57 -> 0 | BK57: =BJ52*$G$57 -> 0 | BM57: =BL52*$G$57 -> 0 | BO57: =BN52*$G$57 -> 0 | BQ57: =BP52*$G$57 -> 0 | BS57: =BR52*$G$57 -> 0 | BU57: =BT52*$G$57 -> 0 | BW57: =BV52*$G$57 -> 0 | BY57: =BX52*$G$57 -> 0 | CA57: =BZ52*$G$57 -> 0 | CC57: =CB52*$G$57 -> 0 | CE57: =CD52*$G$57 -> 0 | CG57: =CF52*$G$57 -> 0 | CI57: =CH52*$G$57 -> 0 | CK57: =CJ52*$G$57 -> 0 | CM57: =CL52*$G$57 -> 0 | CO57: =CN52*$G$57 -> 0 | CQ57: =CP52*$G$57 -> 0 | CS57: =CR52*$G$57 -> 0 | CU57: =CT52*$G$57 -> 0 | CW57: =CV52*$G$57 -> 0 | CY57: =CX52*$G$57 -> 0 | DA57: =CZ52*$G$57 -> 0 | DC57: =DB52*$G$57 -> 0 | DE57: =DD52*$G$57 -> 0 | DG57: =DF52*$G$57 -> 0 | DI57: =DH52*$G$57 -> 0 | DK57: =DJ52*$G$57 -> 0 | DM57: =DL52*$G$57 -> 0 | DO57: =DN52*$G$57 -> 0 | DQ57: =DP52*$G$57 -> 0 | DS57: =DR52*$G$57 -> 0 | DU57: =DT52*$G$57 -> 0 | DW57: =DV52*$G$57 -> 0 | DY57: =DX52*$G$57 -> 0 | EA57: =DZ52*$G$57 -> 0 | EC57: =EB52*$G$57 -> 0 | EE57: =ED52*$G$57 -> 0 | EG57: =EF52*$G$57 -> 0 | EI57: =EH52*$G$57 -> 0 | EK57: =EJ52*$G$57 -> 0 | EM57: =EL52*$G$57 -> 0 | EO57: =EN52*$G$57 -> 0 | EQ57: =EP52*$G$57 -> 0 | ES57: =ER52*$G$57 -> 0 | EU57: =ET52*$G$57 -> 0 | EW57: =EV52*$G$57 -> 0 | EY57: =EX52*$G$57 -> 0 | FA57: =EZ52*$G$57 -> 0 | FC57: =FB52*$G$57 -> 0 | FE57: =FD52*$G$57 -> 0 | FG57: =FF52*$G$57 -> 0 | FI57: =FH52*$G$57 -> 0 | FK57: =FJ52*$G$57 -> 0 | FM57: =FL52*$G$57 -> 0 | FO57: =FN52*$G$57 -> 0 | FQ57: =FP52*$G$57 -> 0
F58: 1 | I58: =H58*G58 -> 0 | K58: =J58*$G$58 -> 0 | M58: =L58*$G$58 -> 0 | O58: =N58*$G$58 -> 0 | Q58: =P58*$G$58 -> 0 | S58: =R58*$G$58 -> 0 | U58: =T58*$G$58 -> 0 | W58: =V58*$G$58 -> 0 | Y58: =X58*$G$58 -> 0 | AA58: =Z58*$G$58 -> 0 | AC58: =AB58*$G$58 -> 0 | AE58: =AD58*$G$58 -> 0 | AG58: =AF58*$G$58 -> 0 | AI58: =AH58*$G$58 -> 0 | AK58: =AJ58*$G$58 -> 0 | AM58: =AL58*$G$58 -> 0 | AO58: =AN58*$G$58 -> 0 | AQ58: =AP58*$G$58 -> 0 | AS58: =AR58*$G$58 -> 0 | AU58: =AT58*$G$58 -> 0 | AW58: =AV58*$G$58 -> 0 | AY58: =AX58*$G$58 -> 0 | BA58: =AZ58*$G$58 -> 0 | BC58: =BB58*$G$58 -> 0 | BE58: =BD58*$G$58 -> 0 | BG58: =BF58*$G$58 -> 0 | BI58: =BH58*$G$58 -> 0 | BK58: =BJ58*$G$58 -> 0 | BM58: =BL58*$G$58 -> 0 | BO58: =BN58*$G$58 -> 0 | BQ58: =BP58*$G$58 -> 0 | BS58: =BR58*$G$58 -> 0 | BU58: =BT58*$G$58 -> 0 | BW58: =BV58*$G$58 -> 0 | BY58: =BX58*$G$58 -> 0 | CA58: =BZ58*$G$58 -> 0 | CC58: =CB58*$G$58 -> 0 | CE58: =CD58*$G$58 -> 0 | CG58: =CF58*$G$58 -> 0 | CI58: =CH58*$G$58 -> 0 | CK58: =CJ58*$G$58 -> 0 | CM58: =CL58*$G$58 -> 0 | CO58: =CN58*$G$58 -> 0 | CQ58: =CP58*$G$58 -> 0 | CS58: =CR58*$G$58 -> 0 | CU58: =CT58*$G$58 -> 0 | CW58: =CV58*$G$58 -> 0 | CY58: =CX58*$G$58 -> 0 | DA58: =CZ58*$G$58 -> 0 | DC58: =DB58*$G$58 -> 0 | DE58: =DD58*$G$58 -> 0 | DG58: =DF58*$G$58 -> 0 | DI58: =DH58*$G$58 -> 0 | DK58: =DJ58*$G$58 -> 0 | DM58: =DL58*$G$58 -> 0 | DO58: =DN58*$G$58 -> 0 | DQ58: =DP58*$G$58 -> 0 | DS58: =DR58*$G$58 -> 0 | DU58: =DT58*$G$58 -> 0 | DW58: =DV58*$G$58 -> 0 | DY58: =DX58*$G$58 -> 0 | EA58: =DZ58*$G$58 -> 0 | EC58: =EB58*$G$58 -> 0 | EE58: =ED58*$G$58 -> 0 | EG58: =EF58*$G$58 -> 0 | EI58: =EH58*$G$58 -> 0 | EK58: =EJ58*$G$58 -> 0 | EM58: =EL58*$G$58 -> 0 | EO58: =EN58*$G$58 -> 0 | EQ58: =EP58*$G$58 -> 0 | ES58: =ER58*$G$58 -> 0 | EU58: =ET58*$G$58 -> 0 | EW58: =EV58*$G$58 -> 0 | EY58: =EX58*$G$58 -> 0 | FA58: =EZ58*$G$58 -> 0 | FC58: =FB58*$G$58 -> 0 | FE58: =FD58*$G$58 -> 0 | FG58: =FF58*$G$58 -> 0 | FI58: =FH58*$G$58 -> 0 | FK58: =FJ58*$G$58 -> 0 | FM58: =FL58*$G$58 -> 0 | FO58: =FN58*$G$58 -> 0 | FQ58: =FP58*$G$58 -> 0
F59: 2 | I59: =H58*G59 -> 0 | K59: =J58*$G$59 -> 0 | M59: =L58*$G$59 -> 0 | O59: =N58*$G$59 -> 0 | Q59: =P58*$G$59 -> 0 | S59: =R58*$G$59 -> 0 | U59: =T58*$G$59 -> 0 | W59: =V58*$G$59 -> 0 | Y59: =X58*$G$59 -> 0 | AA59: =Z58*$G$59 -> 0 | AC59: =AB58*$G$59 -> 0 | AE59: =AD58*$G$59 -> 0 | AG59: =AF58*$G$59 -> 0 | AI59: =AH58*$G$59 -> 0 | AK59: =AJ58*$G$59 -> 0 | AM59: =AL58*$G$59 -> 0 | AO59: =AN58*$G$59 -> 0 | AQ59: =AP58*$G$59 -> 0 | AS59: =AR58*$G$59 -> 0 | AU59: =AT58*$G$59 -> 0 | AW59: =AV58*$G$59 -> 0 | AY59: =AX58*$G$59 -> 0 | BA59: =AZ58*$G$59 -> 0 | BC59: =BB58*$G$59 -> 0 | BE59: =BD58*$G$59 -> 0 | BG59: =BF58*$G$59 -> 0 | BI59: =BH58*$G$59 -> 0 | BK59: =BJ58*$G$59 -> 0 | BM59: =BL58*$G$59 -> 0 | BO59: =BN58*$G$59 -> 0 | BQ59: =BP58*$G$59 -> 0 | BS59: =BR58*$G$59 -> 0 | BU59: =BT58*$G$59 -> 0 | BW59: =BV58*$G$59 -> 0 | BY59: =BX58*$G$59 -> 0 | CA59: =BZ58*$G$59 -> 0 | CC59: =CB58*$G$59 -> 0 | CE59: =CD58*$G$59 -> 0 | CG59: =CF58*$G$59 -> 0 | CI59: =CH58*$G$59 -> 0 | CK59: =CJ58*$G$59 -> 0 | CM59: =CL58*$G$59 -> 0 | CO59: =CN58*$G$59 -> 0 | CQ59: =CP58*$G$59 -> 0 | CS59: =CR58*$G$59 -> 0 | CU59: =CT58*$G$59 -> 0 | CW59: =CV58*$G$59 -> 0 | CY59: =CX58*$G$59 -> 0 | DA59: =CZ58*$G$59 -> 0 | DC59: =DB58*$G$59 -> 0 | DE59: =DD58*$G$59 -> 0 | DG59: =DF58*$G$59 -> 0 | DI59: =DH58*$G$59 -> 0 | DK59: =DJ58*$G$59 -> 0 | DM59: =DL58*$G$59 -> 0 | DO59: =DN58*$G$59 -> 0 | DQ59: =DP58*$G$59 -> 0 | DS59: =DR58*$G$59 -> 0 | DU59: =DT58*$G$59 -> 0 | DW59: =DV58*$G$59 -> 0 | DY59: =DX58*$G$59 -> 0 | EA59: =DZ58*$G$59 -> 0 | EC59: =EB58*$G$59 -> 0 | EE59: =ED58*$G$59 -> 0 | EG59: =EF58*$G$59 -> 0 | EI59: =EH58*$G$59 -> 0 | EK59: =EJ58*$G$59 -> 0 | EM59: =EL58*$G$59 -> 0 | EO59: =EN58*$G$59 -> 0 | EQ59: =EP58*$G$59 -> 0 | ES59: =ER58*$G$59 -> 0 | EU59: =ET58*$G$59 -> 0 | EW59: =EV58*$G$59 -> 0 | EY59: =EX58*$G$59 -> 0 | FA59: =EZ58*$G$59 -> 0 | FC59: =FB58*$G$59 -> 0 | FE59: =FD58*$G$59 -> 0 | FG59: =FF58*$G$59 -> 0 | FI59: =FH58*$G$59 -> 0 | FK59: =FJ58*$G$59 -> 0 | FM59: =FL58*$G$59 -> 0 | FO59: =FN58*$G$59 -> 0 | FQ59: =FP58*$G$59 -> 0
F60: 3 | I60: =H58*G60 -> 0 | K60: =J58*$G$60 -> 0 | M60: =L58*$G$60 -> 0 | O60: =N58*$G$60 -> 0 | Q60: =P58*$G$60 -> 0 | S60: =R58*$G$60 -> 0 | U60: =T58*$G$60 -> 0 | W60: =V58*$G$60 -> 0 | Y60: =X58*$G$60 -> 0 | AA60: =Z58*$G$60 -> 0 | AC60: =AB58*$G$60 -> 0 | AE60: =AD58*$G$60 -> 0 | AG60: =AF58*$G$60 -> 0 | AI60: =AH58*$G$60 -> 0 | AK60: =AJ58*$G$60 -> 0 | AM60: =AL58*$G$60 -> 0 | AO60: =AN58*$G$60 -> 0 | AQ60: =AP58*$G$60 -> 0 | AS60: =AR58*$G$60 -> 0 | AU60: =AT58*$G$60 -> 0 | AW60: =AV58*$G$60 -> 0 | AY60: =AX58*$G$60 -> 0 | BA60: =AZ58*$G$60 -> 0 | BC60: =BB58*$G$60 -> 0 | BE60: =BD58*$G$60 -> 0 | BG60: =BF58*$G$60 -> 0 | BI60: =BH58*$G$60 -> 0 | BK60: =BJ58*$G$60 -> 0 | BM60: =BL58*$G$60 -> 0 | BO60: =BN58*$G$60 -> 0 | BQ60: =BP58*$G$60 -> 0 | BS60: =BR58*$G$60 -> 0 | BU60: =BT58*$G$60 -> 0 | BW60: =BV58*$G$60 -> 0 | BY60: =BX58*$G$60 -> 0 | CA60: =BZ58*$G$60 -> 0 | CC60: =CB58*$G$60 -> 0 | CE60: =CD58*$G$60 -> 0 | CG60: =CF58*$G$60 -> 0 | CI60: =CH58*$G$60 -> 0 | CK60: =CJ58*$G$60 -> 0 | CM60: =CL58*$G$60 -> 0 | CO60: =CN58*$G$60 -> 0 | CQ60: =CP58*$G$60 -> 0 | CS60: =CR58*$G$60 -> 0 | CU60: =CT58*$G$60 -> 0 | CW60: =CV58*$G$60 -> 0 | CY60: =CX58*$G$60 -> 0 | DA60: =CZ58*$G$60 -> 0 | DC60: =DB58*$G$60 -> 0 | DE60: =DD58*$G$60 -> 0 | DG60: =DF58*$G$60 -> 0 | DI60: =DH58*$G$60 -> 0 | DK60: =DJ58*$G$60 -> 0 | DM60: =DL58*$G$60 -> 0 | DO60: =DN58*$G$60 -> 0 | DQ60: =DP58*$G$60 -> 0 | DS60: =DR58*$G$60 -> 0 | DU60: =DT58*$G$60 -> 0 | DW60: =DV58*$G$60 -> 0 | DY60: =DX58*$G$60 -> 0 | EA60: =DZ58*$G$60 -> 0 | EC60: =EB58*$G$60 -> 0 | EE60: =ED58*$G$60 -> 0 | EG60: =EF58*$G$60 -> 0 | EI60: =EH58*$G$60 -> 0 | EK60: =EJ58*$G$60 -> 0 | EM60: =EL58*$G$60 -> 0 | EO60: =EN58*$G$60 -> 0 | EQ60: =EP58*$G$60 -> 0 | ES60: =ER58*$G$60 -> 0 | EU60: =ET58*$G$60 -> 0 | EW60: =EV58*$G$60 -> 0 | EY60: =EX58*$G$60 -> 0 | FA60: =EZ58*$G$60 -> 0 | FC60: =FB58*$G$60 -> 0 | FE60: =FD58*$G$60 -> 0 | FG60: =FF58*$G$60 -> 0 | FI60: =FH58*$G$60 -> 0 | FK60: =FJ58*$G$60 -> 0 | FM60: =FL58*$G$60 -> 0 | FO60: =FN58*$G$60 -> 0 | FQ60: =FP58*$G$60 -> 0
F61: 4 | I61: =H58*G61 -> 0 | K61: =J58*$G$61 -> 0 | M61: =L58*$G$61 -> 0 | O61: =N58*$G$61 -> 0 | Q61: =P58*$G$61 -> 0 | S61: =R58*$G$61 -> 0 | U61: =T58*$G$61 -> 0 | W61: =V58*$G$61 -> 0 | Y61: =X58*$G$61 -> 0 | AA61: =Z58*$G$61 -> 0 | AC61: =AB58*$G$61 -> 0 | AE61: =AD58*$G$61 -> 0 | AG61: =AF58*$G$61 -> 0 | AI61: =AH58*$G$61 -> 0 | AK61: =AJ58*$G$61 -> 0 | AM61: =AL58*$G$61 -> 0 | AO61: =AN58*$G$61 -> 0 | AQ61: =AP58*$G$61 -> 0 | AS61: =AR58*$G$61 -> 0 | AU61: =AT58*$G$61 -> 0 | AW61: =AV58*$G$61 -> 0 | AY61: =AX58*$G$61 -> 0 | BA61: =AZ58*$G$61 -> 0 | BC61: =BB58*$G$61 -> 0 | BE61: =BD58*$G$61 -> 0 | BG61: =BF58*$G$61 -> 0 | BI61: =BH58*$G$61 -> 0 | BK61: =BJ58*$G$61 -> 0 | BM61: =BL58*$G$61 -> 0 | BO61: =BN58*$G$61 -> 0 | BQ61: =BP58*$G$61 -> 0 | BS61: =BR58*$G$61 -> 0 | BU61: =BT58*$G$61 -> 0 | BW61: =BV58*$G$61 -> 0 | BY61: =BX58*$G$61 -> 0 | CA61: =BZ58*$G$61 -> 0 | CC61: =CB58*$G$61 -> 0 | CE61: =CD58*$G$61 -> 0 | CG61: =CF58*$G$61 -> 0 | CI61: =CH58*$G$61 -> 0 | CK61: =CJ58*$G$61 -> 0 | CM61: =CL58*$G$61 -> 0 | CO61: =CN58*$G$61 -> 0 | CQ61: =CP58*$G$61 -> 0 | CS61: =CR58*$G$61 -> 0 | CU61: =CT58*$G$61 -> 0 | CW61: =CV58*$G$61 -> 0 | CY61: =CX58*$G$61 -> 0 | DA61: =CZ58*$G$61 -> 0 | DC61: =DB58*$G$61 -> 0 | DE61: =DD58*$G$61 -> 0 | DG61: =DF58*$G$61 -> 0 | DI61: =DH58*$G$61 -> 0 | DK61: =DJ58*$G$61 -> 0 | DM61: =DL58*$G$61 -> 0 | DO61: =DN58*$G$61 -> 0 | DQ61: =DP58*$G$61 -> 0 | DS61: =DR58*$G$61 -> 0 | DU61: =DT58*$G$61 -> 0 | DW61: =DV58*$G$61 -> 0 | DY61: =DX58*$G$61 -> 0 | EA61: =DZ58*$G$61 -> 0 | EC61: =EB58*$G$61 -> 0 | EE61: =ED58*$G$61 -> 0 | EG61: =EF58*$G$61 -> 0 | EI61: =EH58*$G$61 -> 0 | EK61: =EJ58*$G$61 -> 0 | EM61: =EL58*$G$61 -> 0 | EO61: =EN58*$G$61 -> 0 | EQ61: =EP58*$G$61 -> 0 | ES61: =ER58*$G$61 -> 0 | EU61: =ET58*$G$61 -> 0 | EW61: =EV58*$G$61 -> 0 | EY61: =EX58*$G$61 -> 0 | FA61: =EZ58*$G$61 -> 0 | FC61: =FB58*$G$61 -> 0 | FE61: =FD58*$G$61 -> 0 | FG61: =FF58*$G$61 -> 0 | FI61: =FH58*$G$61 -> 0 | FK61: =FJ58*$G$61 -> 0 | FM61: =FL58*$G$61 -> 0 | FO61: =FN58*$G$61 -> 0 | FQ61: =FP58*$G$61 -> 0
F62: 5 | I62: =H58*G62 -> 0 | K62: =J58*$G$62 -> 0 | M62: =L58*$G$62 -> 0 | O62: =N58*$G$62 -> 0 | Q62: =P58*$G$62 -> 0 | S62: =R58*$G$62 -> 0 | U62: =T58*$G$62 -> 0 | W62: =V58*$G$62 -> 0 | Y62: =X58*$G$62 -> 0 | AA62: =Z58*$G$62 -> 0 | AC62: =AB58*$G$62 -> 0 | AE62: =AD58*$G$62 -> 0 | AG62: =AF58*$G$62 -> 0 | AI62: =AH58*$G$62 -> 0 | AK62: =AJ58*$G$62 -> 0 | AM62: =AL58*$G$62 -> 0 | AO62: =AN58*$G$62 -> 0 | AQ62: =AP58*$G$62 -> 0 | AS62: =AR58*$G$62 -> 0 | AU62: =AT58*$G$62 -> 0 | AW62: =AV58*$G$62 -> 0 | AY62: =AX58*$G$62 -> 0 | BA62: =AZ58*$G$62 -> 0 | BC62: =BB58*$G$62 -> 0 | BE62: =BD58*$G$62 -> 0 | BG62: =BF58*$G$62 -> 0 | BI62: =BH58*$G$62 -> 0 | BK62: =BJ58*$G$62 -> 0 | BM62: =BL58*$G$62 -> 0 | BO62: =BN58*$G$62 -> 0 | BQ62: =BP58*$G$62 -> 0 | BS62: =BR58*$G$62 -> 0 | BU62: =BT58*$G$62 -> 0 | BW62: =BV58*$G$62 -> 0 | BY62: =BX58*$G$62 -> 0 | CA62: =BZ58*$G$62 -> 0 | CC62: =CB58*$G$62 -> 0 | CE62: =CD58*$G$62 -> 0 | CG62: =CF58*$G$62 -> 0 | CI62: =CH58*$G$62 -> 0 | CK62: =CJ58*$G$62 -> 0 | CM62: =CL58*$G$62 -> 0 | CO62: =CN58*$G$62 -> 0 | CQ62: =CP58*$G$62 -> 0 | CS62: =CR58*$G$62 -> 0 | CU62: =CT58*$G$62 -> 0 | CW62: =CV58*$G$62 -> 0 | CY62: =CX58*$G$62 -> 0 | DA62: =CZ58*$G$62 -> 0 | DC62: =DB58*$G$62 -> 0 | DE62: =DD58*$G$62 -> 0 | DG62: =DF58*$G$62 -> 0 | DI62: =DH58*$G$62 -> 0 | DK62: =DJ58*$G$62 -> 0 | DM62: =DL58*$G$62 -> 0 | DO62: =DN58*$G$62 -> 0 | DQ62: =DP58*$G$62 -> 0 | DS62: =DR58*$G$62 -> 0 | DU62: =DT58*$G$62 -> 0 | DW62: =DV58*$G$62 -> 0 | DY62: =DX58*$G$62 -> 0 | EA62: =DZ58*$G$62 -> 0 | EC62: =EB58*$G$62 -> 0 | EE62: =ED58*$G$62 -> 0 | EG62: =EF58*$G$62 -> 0 | EI62: =EH58*$G$62 -> 0 | EK62: =EJ58*$G$62 -> 0 | EM62: =EL58*$G$62 -> 0 | EO62: =EN58*$G$62 -> 0 | EQ62: =EP58*$G$62 -> 0 | ES62: =ER58*$G$62 -> 0 | EU62: =ET58*$G$62 -> 0 | EW62: =EV58*$G$62 -> 0 | EY62: =EX58*$G$62 -> 0 | FA62: =EZ58*$G$62 -> 0 | FC62: =FB58*$G$62 -> 0 | FE62: =FD58*$G$62 -> 0 | FG62: =FF58*$G$62 -> 0 | FI62: =FH58*$G$62 -> 0 | FK62: =FJ58*$G$62 -> 0 | FM62: =FL58*$G$62 -> 0 | FO62: =FN58*$G$62 -> 0 | FQ62: =FP58*$G$62 -> 0
F63: 6 | I63: =H58*G63 -> 0 | K63: =J58*$G$63 -> 0 | M63: =L58*$G$63 -> 0 | O63: =N58*$G$63 -> 0 | Q63: =P58*$G$63 -> 0 | S63: =R58*$G$63 -> 0 | U63: =T58*$G$63 -> 0 | W63: =V58*$G$63 -> 0 | Y63: =X58*$G$63 -> 0 | AA63: =Z58*$G$63 -> 0 | AC63: =AB58*$G$63 -> 0 | AE63: =AD58*$G$63 -> 0 | AG63: =AF58*$G$63 -> 0 | AI63: =AH58*$G$63 -> 0 | AK63: =AJ58*$G$63 -> 0 | AM63: =AL58*$G$63 -> 0 | AO63: =AN58*$G$63 -> 0 | AQ63: =AP58*$G$63 -> 0 | AS63: =AR58*$G$63 -> 0 | AU63: =AT58*$G$63 -> 0 | AW63: =AV58*$G$63 -> 0 | AY63: =AX58*$G$63 -> 0 | BA63: =AZ58*$G$63 -> 0 | BC63: =BB58*$G$63 -> 0 | BE63: =BD58*$G$63 -> 0 | BG63: =BF58*$G$63 -> 0 | BI63: =BH58*$G$63 -> 0 | BK63: =BJ58*$G$63 -> 0 | BM63: =BL58*$G$63 -> 0 | BO63: =BN58*$G$63 -> 0 | BQ63: =BP58*$G$63 -> 0 | BS63: =BR58*$G$63 -> 0 | BU63: =BT58*$G$63 -> 0 | BW63: =BV58*$G$63 -> 0 | BY63: =BX58*$G$63 -> 0 | CA63: =BZ58*$G$63 -> 0 | CC63: =CB58*$G$63 -> 0 | CE63: =CD58*$G$63 -> 0 | CG63: =CF58*$G$63 -> 0 | CI63: =CH58*$G$63 -> 0 | CK63: =CJ58*$G$63 -> 0 | CM63: =CL58*$G$63 -> 0 | CO63: =CN58*$G$63 -> 0 | CQ63: =CP58*$G$63 -> 0 | CS63: =CR58*$G$63 -> 0 | CU63: =CT58*$G$63 -> 0 | CW63: =CV58*$G$63 -> 0 | CY63: =CX58*$G$63 -> 0 | DA63: =CZ58*$G$63 -> 0 | DC63: =DB58*$G$63 -> 0 | DE63: =DD58*$G$63 -> 0 | DG63: =DF58*$G$63 -> 0 | DI63: =DH58*$G$63 -> 0 | DK63: =DJ58*$G$63 -> 0 | DM63: =DL58*$G$63 -> 0 | DO63: =DN58*$G$63 -> 0 | DQ63: =DP58*$G$63 -> 0 | DS63: =DR58*$G$63 -> 0 | DU63: =DT58*$G$63 -> 0 | DW63: =DV58*$G$63 -> 0 | DY63: =DX58*$G$63 -> 0 | EA63: =DZ58*$G$63 -> 0 | EC63: =EB58*$G$63 -> 0 | EE63: =ED58*$G$63 -> 0 | EG63: =EF58*$G$63 -> 0 | EI63: =EH58*$G$63 -> 0 | EK63: =EJ58*$G$63 -> 0 | EM63: =EL58*$G$63 -> 0 | EO63: =EN58*$G$63 -> 0 | EQ63: =EP58*$G$63 -> 0 | ES63: =ER58*$G$63 -> 0 | EU63: =ET58*$G$63 -> 0 | EW63: =EV58*$G$63 -> 0 | EY63: =EX58*$G$63 -> 0 | FA63: =EZ58*$G$63 -> 0 | FC63: =FB58*$G$63 -> 0 | FE63: =FD58*$G$63 -> 0 | FG63: =FF58*$G$63 -> 0 | FI63: =FH58*$G$63 -> 0 | FK63: =FJ58*$G$63 -> 0 | FM63: =FL58*$G$63 -> 0 | FO63: =FN58*$G$63 -> 0 | FQ63: =FP58*$G$63 -> 0
F64: 1 | I64: =H64*G64 -> 0 | K64: =J64*$G$64 -> 0 | M64: =L64*$G$64 -> 0 | O64: =N64*$G$64 -> 0 | Q64: =P64*$G$64 -> 0 | S64: =R64*$G$64 -> 0 | U64: =T64*$G$64 -> 0 | W64: =V64*$G$64 -> 0 | Y64: =X64*$G$64 -> 0 | AA64: =Z64*$G$64 -> 0 | AC64: =AB64*$G$64 -> 0 | AE64: =AD64*$G$64 -> 0 | AG64: =AF64*$G$64 -> 0 | AI64: =AH64*$G$64 -> 0 | AK64: =AJ64*$G$64 -> 0 | AM64: =AL64*$G$64 -> 0 | AO64: =AN64*$G$64 -> 0 | AQ64: =AP64*$G$64 -> 0 | AS64: =AR64*$G$64 -> 0 | AU64: =AT64*$G$64 -> 0 | AW64: =AV64*$G$64 -> 0 | AY64: =AX64*$G$64 -> 0 | BA64: =AZ64*$G$64 -> 0 | BC64: =BB64*$G$64 -> 0 | BE64: =BD64*$G$64 -> 0 | BG64: =BF64*$G$64 -> 0 | BI64: =BH64*$G$64 -> 0 | BK64: =BJ64*$G$64 -> 0 | BM64: =BL64*$G$64 -> 0 | BO64: =BN64*$G$64 -> 0 | BQ64: =BP64*$G$64 -> 0 | BS64: =BR64*$G$64 -> 0 | BU64: =BT64*$G$64 -> 0 | BW64: =BV64*$G$64 -> 0 | BY64: =BX64*$G$64 -> 0 | CA64: =BZ64*$G$64 -> 0 | CC64: =CB64*$G$64 -> 0 | CE64: =CD64*$G$64 -> 0 | CG64: =CF64*$G$64 -> 0 | CI64: =CH64*$G$64 -> 0 | CK64: =CJ64*$G$64 -> 0 | CM64: =CL64*$G$64 -> 0 | CO64: =CN64*$G$64 -> 0 | CQ64: =CP64*$G$64 -> 0 | CS64: =CR64*$G$64 -> 0 | CU64: =CT64*$G$64 -> 0 | CW64: =CV64*$G$64 -> 0 | CY64: =CX64*$G$64 -> 0 | DA64: =CZ64*$G$64 -> 0 | DC64: =DB64*$G$64 -> 0 | DE64: =DD64*$G$64 -> 0 | DG64: =DF64*$G$64 -> 0 | DI64: =DH64*$G$64 -> 0 | DK64: =DJ64*$G$64 -> 0 | DM64: =DL64*$G$64 -> 0 | DO64: =DN64*$G$64 -> 0 | DQ64: =DP64*$G$64 -> 0 | DS64: =DR64*$G$64 -> 0 | DU64: =DT64*$G$64 -> 0 | DW64: =DV64*$G$64 -> 0 | DY64: =DX64*$G$64 -> 0 | EA64: =DZ64*$G$64 -> 0 | EC64: =EB64*$G$64 -> 0 | EE64: =ED64*$G$64 -> 0 | EG64: =EF64*$G$64 -> 0 | EI64: =EH64*$G$64 -> 0 | EK64: =EJ64*$G$64 -> 0 | EM64: =EL64*$G$64 -> 0 | EO64: =EN64*$G$64 -> 0 | EQ64: =EP64*$G$64 -> 0 | ES64: =ER64*$G$64 -> 0 | EU64: =ET64*$G$64 -> 0 | EW64: =EV64*$G$64 -> 0 | EY64: =EX64*$G$64 -> 0 | FA64: =EZ64*$G$64 -> 0 | FC64: =FB64*$G$64 -> 0 | FE64: =FD64*$G$64 -> 0 | FG64: =FF64*$G$64 -> 0 | FI64: =FH64*$G$64 -> 0 | FK64: =FJ64*$G$64 -> 0 | FM64: =FL64*$G$64 -> 0 | FO64: =FN64*$G$64 -> 0 | FQ64: =FP64*$G$64 -> 0
F65: 2 | I65: =H64*G65 -> 0 | K65: =J64*$G$65 -> 0 | M65: =L64*$G$65 -> 0 | O65: =N64*$G$65 -> 0 | Q65: =P64*$G$65 -> 0 | S65: =R64*$G$65 -> 0 | U65: =T64*$G$65 -> 0 | W65: =V64*$G$65 -> 0 | Y65: =X64*$G$65 -> 0 | AA65: =Z64*$G$65 -> 0 | AC65: =AB64*$G$65 -> 0 | AE65: =AD64*$G$65 -> 0 | AG65: =AF64*$G$65 -> 0 | AI65: =AH64*$G$65 -> 0 | AK65: =AJ64*$G$65 -> 0 | AM65: =AL64*$G$65 -> 0 | AO65: =AN64*$G$65 -> 0 | AQ65: =AP64*$G$65 -> 0 | AS65: =AR64*$G$65 -> 0 | AU65: =AT64*$G$65 -> 0 | AW65: =AV64*$G$65 -> 0 | AY65: =AX64*$G$65 -> 0 | BA65: =AZ64*$G$65 -> 0 | BC65: =BB64*$G$65 -> 0 | BE65: =BD64*$G$65 -> 0 | BG65: =BF64*$G$65 -> 0 | BI65: =BH64*$G$65 -> 0 | BK65: =BJ64*$G$65 -> 0 | BM65: =BL64*$G$65 -> 0 | BO65: =BN64*$G$65 -> 0 | BQ65: =BP64*$G$65 -> 0 | BS65: =BR64*$G$65 -> 0 | BU65: =BT64*$G$65 -> 0 | BW65: =BV64*$G$65 -> 0 | BY65: =BX64*$G$65 -> 0 | CA65: =BZ64*$G$65 -> 0 | CC65: =CB64*$G$65 -> 0 | CE65: =CD64*$G$65 -> 0 | CG65: =CF64*$G$65 -> 0 | CI65: =CH64*$G$65 -> 0 | CK65: =CJ64*$G$65 -> 0 | CM65: =CL64*$G$65 -> 0 | CO65: =CN64*$G$65 -> 0 | CQ65: =CP64*$G$65 -> 0 | CS65: =CR64*$G$65 -> 0 | CU65: =CT64*$G$65 -> 0 | CW65: =CV64*$G$65 -> 0 | CY65: =CX64*$G$65 -> 0 | DA65: =CZ64*$G$65 -> 0 | DC65: =DB64*$G$65 -> 0 | DE65: =DD64*$G$65 -> 0 | DG65: =DF64*$G$65 -> 0 | DI65: =DH64*$G$65 -> 0 | DK65: =DJ64*$G$65 -> 0 | DM65: =DL64*$G$65 -> 0 | DO65: =DN64*$G$65 -> 0 | DQ65: =DP64*$G$65 -> 0 | DS65: =DR64*$G$65 -> 0 | DU65: =DT64*$G$65 -> 0 | DW65: =DV64*$G$65 -> 0 | DY65: =DX64*$G$65 -> 0 | EA65: =DZ64*$G$65 -> 0 | EC65: =EB64*$G$65 -> 0 | EE65: =ED64*$G$65 -> 0 | EG65: =EF64*$G$65 -> 0 | EI65: =EH64*$G$65 -> 0 | EK65: =EJ64*$G$65 -> 0 | EM65: =EL64*$G$65 -> 0 | EO65: =EN64*$G$65 -> 0 | EQ65: =EP64*$G$65 -> 0 | ES65: =ER64*$G$65 -> 0 | EU65: =ET64*$G$65 -> 0 | EW65: =EV64*$G$65 -> 0 | EY65: =EX64*$G$65 -> 0 | FA65: =EZ64*$G$65 -> 0 | FC65: =FB64*$G$65 -> 0 | FE65: =FD64*$G$65 -> 0 | FG65: =FF64*$G$65 -> 0 | FI65: =FH64*$G$65 -> 0 | FK65: =FJ64*$G$65 -> 0 | FM65: =FL64*$G$65 -> 0 | FO65: =FN64*$G$65 -> 0 | FQ65: =FP64*$G$65 -> 0
F66: 3 | I66: =H64*G66 -> 0 | K66: =J64*$G$66 -> 0 | M66: =L64*$G$66 -> 0 | O66: =N64*$G$66 -> 0 | Q66: =P64*$G$66 -> 0 | S66: =R64*$G$66 -> 0 | U66: =T64*$G$66 -> 0 | W66: =V64*$G$66 -> 0 | Y66: =X64*$G$66 -> 0 | AA66: =Z64*$G$66 -> 0 | AC66: =AB64*$G$66 -> 0 | AE66: =AD64*$G$66 -> 0 | AG66: =AF64*$G$66 -> 0 | AI66: =AH64*$G$66 -> 0 | AK66: =AJ64*$G$66 -> 0 | AM66: =AL64*$G$66 -> 0 | AO66: =AN64*$G$66 -> 0 | AQ66: =AP64*$G$66 -> 0 | AS66: =AR64*$G$66 -> 0 | AU66: =AT64*$G$66 -> 0 | AW66: =AV64*$G$66 -> 0 | AY66: =AX64*$G$66 -> 0 | BA66: =AZ64*$G$66 -> 0 | BC66: =BB64*$G$66 -> 0 | BE66: =BD64*$G$66 -> 0 | BG66: =BF64*$G$66 -> 0 | BI66: =BH64*$G$66 -> 0 | BK66: =BJ64*$G$66 -> 0 | BM66: =BL64*$G$66 -> 0 | BO66: =BN64*$G$66 -> 0 | BQ66: =BP64*$G$66 -> 0 | BS66: =BR64*$G$66 -> 0 | BU66: =BT64*$G$66 -> 0 | BW66: =BV64*$G$66 -> 0 | BY66: =BX64*$G$66 -> 0 | CA66: =BZ64*$G$66 -> 0 | CC66: =CB64*$G$66 -> 0 | CE66: =CD64*$G$66 -> 0 | CG66: =CF64*$G$66 -> 0 | CI66: =CH64*$G$66 -> 0 | CK66: =CJ64*$G$66 -> 0 | CM66: =CL64*$G$66 -> 0 | CO66: =CN64*$G$66 -> 0 | CQ66: =CP64*$G$66 -> 0 | CS66: =CR64*$G$66 -> 0 | CU66: =CT64*$G$66 -> 0 | CW66: =CV64*$G$66 -> 0 | CY66: =CX64*$G$66 -> 0 | DA66: =CZ64*$G$66 -> 0 | DC66: =DB64*$G$66 -> 0 | DE66: =DD64*$G$66 -> 0 | DG66: =DF64*$G$66 -> 0 | DI66: =DH64*$G$66 -> 0 | DK66: =DJ64*$G$66 -> 0 | DM66: =DL64*$G$66 -> 0 | DO66: =DN64*$G$66 -> 0 | DQ66: =DP64*$G$66 -> 0 | DS66: =DR64*$G$66 -> 0 | DU66: =DT64*$G$66 -> 0 | DW66: =DV64*$G$66 -> 0 | DY66: =DX64*$G$66 -> 0 | EA66: =DZ64*$G$66 -> 0 | EC66: =EB64*$G$66 -> 0 | EE66: =ED64*$G$66 -> 0 | EG66: =EF64*$G$66 -> 0 | EI66: =EH64*$G$66 -> 0 | EK66: =EJ64*$G$66 -> 0 | EM66: =EL64*$G$66 -> 0 | EO66: =EN64*$G$66 -> 0 | EQ66: =EP64*$G$66 -> 0 | ES66: =ER64*$G$66 -> 0 | EU66: =ET64*$G$66 -> 0 | EW66: =EV64*$G$66 -> 0 | EY66: =EX64*$G$66 -> 0 | FA66: =EZ64*$G$66 -> 0 | FC66: =FB64*$G$66 -> 0 | FE66: =FD64*$G$66 -> 0 | FG66: =FF64*$G$66 -> 0 | FI66: =FH64*$G$66 -> 0 | FK66: =FJ64*$G$66 -> 0 | FM66: =FL64*$G$66 -> 0 | FO66: =FN64*$G$66 -> 0 | FQ66: =FP64*$G$66 -> 0
F67: 4 | I67: =H64*G67 -> 0 | K67: =J64*$G$67 -> 0 | M67: =L64*$G$67 -> 0 | O67: =N64*$G$67 -> 0 | Q67: =P64*$G$67 -> 0 | S67: =R64*$G$67 -> 0 | U67: =T64*$G$67 -> 0 | W67: =V64*$G$67 -> 0 | Y67: =X64*$G$67 -> 0 | AA67: =Z64*$G$67 -> 0 | AC67: =AB64*$G$67 -> 0 | AE67: =AD64*$G$67 -> 0 | AG67: =AF64*$G$67 -> 0 | AI67: =AH64*$G$67 -> 0 | AK67: =AJ64*$G$67 -> 0 | AM67: =AL64*$G$67 -> 0 | AO67: =AN64*$G$67 -> 0 | AQ67: =AP64*$G$67 -> 0 | AS67: =AR64*$G$67 -> 0 | AU67: =AT64*$G$67 -> 0 | AW67: =AV64*$G$67 -> 0 | AY67: =AX64*$G$67 -> 0 | BA67: =AZ64*$G$67 -> 0 | BC67: =BB64*$G$67 -> 0 | BE67: =BD64*$G$67 -> 0 | BG67: =BF64*$G$67 -> 0 | BI67: =BH64*$G$67 -> 0 | BK67: =BJ64*$G$67 -> 0 | BM67: =BL64*$G$67 -> 0 | BO67: =BN64*$G$67 -> 0 | BQ67: =BP64*$G$67 -> 0 | BS67: =BR64*$G$67 -> 0 | BU67: =BT64*$G$67 -> 0 | BW67: =BV64*$G$67 -> 0 | BY67: =BX64*$G$67 -> 0 | CA67: =BZ64*$G$67 -> 0 | CC67: =CB64*$G$67 -> 0 | CE67: =CD64*$G$67 -> 0 | CG67: =CF64*$G$67 -> 0 | CI67: =CH64*$G$67 -> 0 | CK67: =CJ64*$G$67 -> 0 | CM67: =CL64*$G$67 -> 0 | CO67: =CN64*$G$67 -> 0 | CQ67: =CP64*$G$67 -> 0 | CS67: =CR64*$G$67 -> 0 | CU67: =CT64*$G$67 -> 0 | CW67: =CV64*$G$67 -> 0 | CY67: =CX64*$G$67 -> 0 | DA67: =CZ64*$G$67 -> 0 | DC67: =DB64*$G$67 -> 0 | DE67: =DD64*$G$67 -> 0 | DG67: =DF64*$G$67 -> 0 | DI67: =DH64*$G$67 -> 0 | DK67: =DJ64*$G$67 -> 0 | DM67: =DL64*$G$67 -> 0 | DO67: =DN64*$G$67 -> 0 | DQ67: =DP64*$G$67 -> 0 | DS67: =DR64*$G$67 -> 0 | DU67: =DT64*$G$67 -> 0 | DW67: =DV64*$G$67 -> 0 | DY67: =DX64*$G$67 -> 0 | EA67: =DZ64*$G$67 -> 0 | EC67: =EB64*$G$67 -> 0 | EE67: =ED64*$G$67 -> 0 | EG67: =EF64*$G$67 -> 0 | EI67: =EH64*$G$67 -> 0 | EK67: =EJ64*$G$67 -> 0 | EM67: =EL64*$G$67 -> 0 | EO67: =EN64*$G$67 -> 0 | EQ67: =EP64*$G$67 -> 0 | ES67: =ER64*$G$67 -> 0 | EU67: =ET64*$G$67 -> 0 | EW67: =EV64*$G$67 -> 0 | EY67: =EX64*$G$67 -> 0 | FA67: =EZ64*$G$67 -> 0 | FC67: =FB64*$G$67 -> 0 | FE67: =FD64*$G$67 -> 0 | FG67: =FF64*$G$67 -> 0 | FI67: =FH64*$G$67 -> 0 | FK67: =FJ64*$G$67 -> 0 | FM67: =FL64*$G$67 -> 0 | FO67: =FN64*$G$67 -> 0 | FQ67: =FP64*$G$67 -> 0
F68: 5 | I68: =H64*G68 -> 0 | K68: =J64*$G$68 -> 0 | M68: =L64*$G$68 -> 0 | O68: =N64*$G$68 -> 0 | Q68: =P64*$G$68 -> 0 | S68: =R64*$G$68 -> 0 | U68: =T64*$G$68 -> 0 | W68: =V64*$G$68 -> 0 | Y68: =X64*$G$68 -> 0 | AA68: =Z64*$G$68 -> 0 | AC68: =AB64*$G$68 -> 0 | AE68: =AD64*$G$68 -> 0 | AG68: =AF64*$G$68 -> 0 | AI68: =AH64*$G$68 -> 0 | AK68: =AJ64*$G$68 -> 0 | AM68: =AL64*$G$68 -> 0 | AO68: =AN64*$G$68 -> 0 | AQ68: =AP64*$G$68 -> 0 | AS68: =AR64*$G$68 -> 0 | AU68: =AT64*$G$68 -> 0 | AW68: =AV64*$G$68 -> 0 | AY68: =AX64*$G$68 -> 0 | BA68: =AZ64*$G$68 -> 0 | BC68: =BB64*$G$68 -> 0 | BE68: =BD64*$G$68 -> 0 | BG68: =BF64*$G$68 -> 0 | BI68: =BH64*$G$68 -> 0 | BK68: =BJ64*$G$68 -> 0 | BM68: =BL64*$G$68 -> 0 | BO68: =BN64*$G$68 -> 0 | BQ68: =BP64*$G$68 -> 0 | BS68: =BR64*$G$68 -> 0 | BU68: =BT64*$G$68 -> 0 | BW68: =BV64*$G$68 -> 0 | BY68: =BX64*$G$68 -> 0 | CA68: =BZ64*$G$68 -> 0 | CC68: =CB64*$G$68 -> 0 | CE68: =CD64*$G$68 -> 0 | CG68: =CF64*$G$68 -> 0 | CI68: =CH64*$G$68 -> 0 | CK68: =CJ64*$G$68 -> 0 | CM68: =CL64*$G$68 -> 0 | CO68: =CN64*$G$68 -> 0 | CQ68: =CP64*$G$68 -> 0 | CS68: =CR64*$G$68 -> 0 | CU68: =CT64*$G$68 -> 0 | CW68: =CV64*$G$68 -> 0 | CY68: =CX64*$G$68 -> 0 | DA68: =CZ64*$G$68 -> 0 | DC68: =DB64*$G$68 -> 0 | DE68: =DD64*$G$68 -> 0 | DG68: =DF64*$G$68 -> 0 | DI68: =DH64*$G$68 -> 0 | DK68: =DJ64*$G$68 -> 0 | DM68: =DL64*$G$68 -> 0 | DO68: =DN64*$G$68 -> 0 | DQ68: =DP64*$G$68 -> 0 | DS68: =DR64*$G$68 -> 0 | DU68: =DT64*$G$68 -> 0 | DW68: =DV64*$G$68 -> 0 | DY68: =DX64*$G$68 -> 0 | EA68: =DZ64*$G$68 -> 0 | EC68: =EB64*$G$68 -> 0 | EE68: =ED64*$G$68 -> 0 | EG68: =EF64*$G$68 -> 0 | EI68: =EH64*$G$68 -> 0 | EK68: =EJ64*$G$68 -> 0 | EM68: =EL64*$G$68 -> 0 | EO68: =EN64*$G$68 -> 0 | EQ68: =EP64*$G$68 -> 0 | ES68: =ER64*$G$68 -> 0 | EU68: =ET64*$G$68 -> 0 | EW68: =EV64*$G$68 -> 0 | EY68: =EX64*$G$68 -> 0 | FA68: =EZ64*$G$68 -> 0 | FC68: =FB64*$G$68 -> 0 | FE68: =FD64*$G$68 -> 0 | FG68: =FF64*$G$68 -> 0 | FI68: =FH64*$G$68 -> 0 | FK68: =FJ64*$G$68 -> 0 | FM68: =FL64*$G$68 -> 0 | FO68: =FN64*$G$68 -> 0 | FQ68: =FP64*$G$68 -> 0
F69: 6 | I69: =H64*G69 -> 0 | K69: =J64*$G$69 -> 0 | M69: =L64*$G$69 -> 0 | O69: =N64*$G$69 -> 0 | Q69: =P64*$G$69 -> 0 | S69: =R64*$G$69 -> 0 | U69: =T64*$G$69 -> 0 | W69: =V64*$G$69 -> 0 | Y69: =X64*$G$69 -> 0 | AA69: =Z64*$G$69 -> 0 | AC69: =AB64*$G$69 -> 0 | AE69: =AD64*$G$69 -> 0 | AG69: =AF64*$G$69 -> 0 | AI69: =AH64*$G$69 -> 0 | AK69: =AJ64*$G$69 -> 0 | AM69: =AL64*$G$69 -> 0 | AO69: =AN64*$G$69 -> 0 | AQ69: =AP64*$G$69 -> 0 | AS69: =AR64*$G$69 -> 0 | AU69: =AT64*$G$69 -> 0 | AW69: =AV64*$G$69 -> 0 | AY69: =AX64*$G$69 -> 0 | BA69: =AZ64*$G$69 -> 0 | BC69: =BB64*$G$69 -> 0 | BE69: =BD64*$G$69 -> 0 | BG69: =BF64*$G$69 -> 0 | BI69: =BH64*$G$69 -> 0 | BK69: =BJ64*$G$69 -> 0 | BM69: =BL64*$G$69 -> 0 | BO69: =BN64*$G$69 -> 0 | BQ69: =BP64*$G$69 -> 0 | BS69: =BR64*$G$69 -> 0 | BU69: =BT64*$G$69 -> 0 | BW69: =BV64*$G$69 -> 0 | BY69: =BX64*$G$69 -> 0 | CA69: =BZ64*$G$69 -> 0 | CC69: =CB64*$G$69 -> 0 | CE69: =CD64*$G$69 -> 0 | CG69: =CF64*$G$69 -> 0 | CI69: =CH64*$G$69 -> 0 | CK69: =CJ64*$G$69 -> 0 | CM69: =CL64*$G$69 -> 0 | CO69: =CN64*$G$69 -> 0 | CQ69: =CP64*$G$69 -> 0 | CS69: =CR64*$G$69 -> 0 | CU69: =CT64*$G$69 -> 0 | CW69: =CV64*$G$69 -> 0 | CY69: =CX64*$G$69 -> 0 | DA69: =CZ64*$G$69 -> 0 | DC69: =DB64*$G$69 -> 0 | DE69: =DD64*$G$69 -> 0 | DG69: =DF64*$G$69 -> 0 | DI69: =DH64*$G$69 -> 0 | DK69: =DJ64*$G$69 -> 0 | DM69: =DL64*$G$69 -> 0 | DO69: =DN64*$G$69 -> 0 | DQ69: =DP64*$G$69 -> 0 | DS69: =DR64*$G$69 -> 0 | DU69: =DT64*$G$69 -> 0 | DW69: =DV64*$G$69 -> 0 | DY69: =DX64*$G$69 -> 0 | EA69: =DZ64*$G$69 -> 0 | EC69: =EB64*$G$69 -> 0 | EE69: =ED64*$G$69 -> 0 | EG69: =EF64*$G$69 -> 0 | EI69: =EH64*$G$69 -> 0 | EK69: =EJ64*$G$69 -> 0 | EM69: =EL64*$G$69 -> 0 | EO69: =EN64*$G$69 -> 0 | EQ69: =EP64*$G$69 -> 0 | ES69: =ER64*$G$69 -> 0 | EU69: =ET64*$G$69 -> 0 | EW69: =EV64*$G$69 -> 0 | EY69: =EX64*$G$69 -> 0 | FA69: =EZ64*$G$69 -> 0 | FC69: =FB64*$G$69 -> 0 | FE69: =FD64*$G$69 -> 0 | FG69: =FF64*$G$69 -> 0 | FI69: =FH64*$G$69 -> 0 | FK69: =FJ64*$G$69 -> 0 | FM69: =FL64*$G$69 -> 0 | FO69: =FN64*$G$69 -> 0 | FQ69: =FP64*$G$69 -> 0
F70: 1 | I70: =H70*G70 -> 0 | K70: =J70*$G$70 -> 0 | M70: =L70*$G$70 -> 0 | O70: =N70*$G$70 -> 0 | Q70: =P70*$G$70 -> 0 | S70: =R70*$G$70 -> 0 | U70: =T70*$G$70 -> 0 | W70: =V70*$G$70 -> 0 | Y70: =X70*$G$70 -> 0 | AA70: =Z70*$G$70 -> 0 | AC70: =AB70*$G$70 -> 0 | AE70: =AD70*$G$70 -> 0 | AG70: =AF70*$G$70 -> 0 | AI70: =AH70*$G$70 -> 0 | AK70: =AJ70*$G$70 -> 0 | AM70: =AL70*$G$70 -> 0 | AO70: =AN70*$G$70 -> 0 | AQ70: =AP70*$G$70 -> 0 | AS70: =AR70*$G$70 -> 0 | AU70: =AT70*$G$70 -> 0 | AW70: =AV70*$G$70 -> 0 | AY70: =AX70*$G$70 -> 0 | BA70: =AZ70*$G$70 -> 0 | BC70: =BB70*$G$70 -> 0 | BE70: =BD70*$G$70 -> 0 | BG70: =BF70*$G$70 -> 0 | BI70: =BH70*$G$70 -> 0 | BK70: =BJ70*$G$70 -> 0 | BM70: =BL70*$G$70 -> 0 | BO70: =BN70*$G$70 -> 0 | BQ70: =BP70*$G$70 -> 0 | BS70: =BR70*$G$70 -> 0 | BU70: =BT70*$G$70 -> 0 | BW70: =BV70*$G$70 -> 0 | BY70: =BX70*$G$70 -> 0 | CA70: =BZ70*$G$70 -> 0 | CC70: =CB70*$G$70 -> 0 | CE70: =CD70*$G$70 -> 0 | CG70: =CF70*$G$70 -> 0 | CI70: =CH70*$G$70 -> 0 | CK70: =CJ70*$G$70 -> 0 | CM70: =CL70*$G$70 -> 0 | CO70: =CN70*$G$70 -> 0 | CQ70: =CP70*$G$70 -> 0 | CS70: =CR70*$G$70 -> 0 | CU70: =CT70*$G$70 -> 0 | CW70: =CV70*$G$70 -> 0 | CY70: =CX70*$G$70 -> 0 | DA70: =CZ70*$G$70 -> 0 | DC70: =DB70*$G$70 -> 0 | DE70: =DD70*$G$70 -> 0 | DG70: =DF70*$G$70 -> 0 | DI70: =DH70*$G$70 -> 0 | DK70: =DJ70*$G$70 -> 0 | DM70: =DL70*$G$70 -> 0 | DO70: =DN70*$G$70 -> 0 | DQ70: =DP70*$G$70 -> 0 | DS70: =DR70*$G$70 -> 0 | DU70: =DT70*$G$70 -> 0 | DW70: =DV70*$G$70 -> 0 | DY70: =DX70*$G$70 -> 0 | EA70: =DZ70*$G$70 -> 0 | EC70: =EB70*$G$70 -> 0 | EE70: =ED70*$G$70 -> 0 | EG70: =EF70*$G$70 -> 0 | EI70: =EH70*$G$70 -> 0 | EK70: =EJ70*$G$70 -> 0 | EM70: =EL70*$G$70 -> 0 | EO70: =EN70*$G$70 -> 0 | EQ70: =EP70*$G$70 -> 0 | ES70: =ER70*$G$70 -> 0 | EU70: =ET70*$G$70 -> 0 | EW70: =EV70*$G$70 -> 0 | EY70: =EX70*$G$70 -> 0 | FA70: =EZ70*$G$70 -> 0 | FC70: =FB70*$G$70 -> 0 | FE70: =FD70*$G$70 -> 0 | FG70: =FF70*$G$70 -> 0 | FI70: =FH70*$G$70 -> 0 | FK70: =FJ70*$G$70 -> 0 | FM70: =FL70*$G$70 -> 0 | FO70: =FN70*$G$70 -> 0 | FQ70: =FP70*$G$70 -> 0
F71: 2 | I71: =H70*G71 -> 0 | K71: =J70*$G$71 -> 0 | M71: =L70*$G$71 -> 0 | O71: =N70*$G$71 -> 0 | Q71: =P70*$G$71 -> 0 | S71: =R70*$G$71 -> 0 | U71: =T70*$G$71 -> 0 | W71: =V70*$G$71 -> 0 | Y71: =X70*$G$71 -> 0 | AA71: =Z70*$G$71 -> 0 | AC71: =AB70*$G$71 -> 0 | AE71: =AD70*$G$71 -> 0 | AG71: =AF70*$G$71 -> 0 | AI71: =AH70*$G$71 -> 0 | AK71: =AJ70*$G$71 -> 0 | AM71: =AL70*$G$71 -> 0 | AO71: =AN70*$G$71 -> 0 | AQ71: =AP70*$G$71 -> 0 | AS71: =AR70*$G$71 -> 0 | AU71: =AT70*$G$71 -> 0 | AW71: =AV70*$G$71 -> 0 | AY71: =AX70*$G$71 -> 0 | BA71: =AZ70*$G$71 -> 0 | BC71: =BB70*$G$71 -> 0 | BE71: =BD70*$G$71 -> 0 | BG71: =BF70*$G$71 -> 0 | BI71: =BH70*$G$71 -> 0 | BK71: =BJ70*$G$71 -> 0 | BM71: =BL70*$G$71 -> 0 | BO71: =BN70*$G$71 -> 0 | BQ71: =BP70*$G$71 -> 0 | BS71: =BR70*$G$71 -> 0 | BU71: =BT70*$G$71 -> 0 | BW71: =BV70*$G$71 -> 0 | BY71: =BX70*$G$71 -> 0 | CA71: =BZ70*$G$71 -> 0 | CC71: =CB70*$G$71 -> 0 | CE71: =CD70*$G$71 -> 0 | CG71: =CF70*$G$71 -> 0 | CI71: =CH70*$G$71 -> 0 | CK71: =CJ70*$G$71 -> 0 | CM71: =CL70*$G$71 -> 0 | CO71: =CN70*$G$71 -> 0 | CQ71: =CP70*$G$71 -> 0 | CS71: =CR70*$G$71 -> 0 | CU71: =CT70*$G$71 -> 0 | CW71: =CV70*$G$71 -> 0 | CY71: =CX70*$G$71 -> 0 | DA71: =CZ70*$G$71 -> 0 | DC71: =DB70*$G$71 -> 0 | DE71: =DD70*$G$71 -> 0 | DG71: =DF70*$G$71 -> 0 | DI71: =DH70*$G$71 -> 0 | DK71: =DJ70*$G$71 -> 0 | DM71: =DL70*$G$71 -> 0 | DO71: =DN70*$G$71 -> 0 | DQ71: =DP70*$G$71 -> 0 | DS71: =DR70*$G$71 -> 0 | DU71: =DT70*$G$71 -> 0 | DW71: =DV70*$G$71 -> 0 | DY71: =DX70*$G$71 -> 0 | EA71: =DZ70*$G$71 -> 0 | EC71: =EB70*$G$71 -> 0 | EE71: =ED70*$G$71 -> 0 | EG71: =EF70*$G$71 -> 0 | EI71: =EH70*$G$71 -> 0 | EK71: =EJ70*$G$71 -> 0 | EM71: =EL70*$G$71 -> 0 | EO71: =EN70*$G$71 -> 0 | EQ71: =EP70*$G$71 -> 0 | ES71: =ER70*$G$71 -> 0 | EU71: =ET70*$G$71 -> 0 | EW71: =EV70*$G$71 -> 0 | EY71: =EX70*$G$71 -> 0 | FA71: =EZ70*$G$71 -> 0 | FC71: =FB70*$G$71 -> 0 | FE71: =FD70*$G$71 -> 0 | FG71: =FF70*$G$71 -> 0 | FI71: =FH70*$G$71 -> 0 | FK71: =FJ70*$G$71 -> 0 | FM71: =FL70*$G$71 -> 0 | FO71: =FN70*$G$71 -> 0 | FQ71: =FP70*$G$71 -> 0
F72: 3 | I72: =H70*G72 -> 0 | K72: =J70*$G$72 -> 0 | M72: =L70*$G$72 -> 0 | O72: =N70*$G$72 -> 0 | Q72: =P70*$G$72 -> 0 | S72: =R70*$G$72 -> 0 | U72: =T70*$G$72 -> 0 | W72: =V70*$G$72 -> 0 | Y72: =X70*$G$72 -> 0 | AA72: =Z70*$G$72 -> 0 | AC72: =AB70*$G$72 -> 0 | AE72: =AD70*$G$72 -> 0 | AG72: =AF70*$G$72 -> 0 | AI72: =AH70*$G$72 -> 0 | AK72: =AJ70*$G$72 -> 0 | AM72: =AL70*$G$72 -> 0 | AO72: =AN70*$G$72 -> 0 | AQ72: =AP70*$G$72 -> 0 | AS72: =AR70*$G$72 -> 0 | AU72: =AT70*$G$72 -> 0 | AW72: =AV70*$G$72 -> 0 | AY72: =AX70*$G$72 -> 0 | BA72: =AZ70*$G$72 -> 0 | BC72: =BB70*$G$72 -> 0 | BE72: =BD70*$G$72 -> 0 | BG72: =BF70*$G$72 -> 0 | BI72: =BH70*$G$72 -> 0 | BK72: =BJ70*$G$72 -> 0 | BM72: =BL70*$G$72 -> 0 | BO72: =BN70*$G$72 -> 0 | BQ72: =BP70*$G$72 -> 0 | BS72: =BR70*$G$72 -> 0 | BU72: =BT70*$G$72 -> 0 | BW72: =BV70*$G$72 -> 0 | BY72: =BX70*$G$72 -> 0 | CA72: =BZ70*$G$72 -> 0 | CC72: =CB70*$G$72 -> 0 | CE72: =CD70*$G$72 -> 0 | CG72: =CF70*$G$72 -> 0 | CI72: =CH70*$G$72 -> 0 | CK72: =CJ70*$G$72 -> 0 | CM72: =CL70*$G$72 -> 0 | CO72: =CN70*$G$72 -> 0 | CQ72: =CP70*$G$72 -> 0 | CS72: =CR70*$G$72 -> 0 | CU72: =CT70*$G$72 -> 0 | CW72: =CV70*$G$72 -> 0 | CY72: =CX70*$G$72 -> 0 | DA72: =CZ70*$G$72 -> 0 | DC72: =DB70*$G$72 -> 0 | DE72: =DD70*$G$72 -> 0 | DG72: =DF70*$G$72 -> 0 | DI72: =DH70*$G$72 -> 0 | DK72: =DJ70*$G$72 -> 0 | DM72: =DL70*$G$72 -> 0 | DO72: =DN70*$G$72 -> 0 | DQ72: =DP70*$G$72 -> 0 | DS72: =DR70*$G$72 -> 0 | DU72: =DT70*$G$72 -> 0 | DW72: =DV70*$G$72 -> 0 | DY72: =DX70*$G$72 -> 0 | EA72: =DZ70*$G$72 -> 0 | EC72: =EB70*$G$72 -> 0 | EE72: =ED70*$G$72 -> 0 | EG72: =EF70*$G$72 -> 0 | EI72: =EH70*$G$72 -> 0 | EK72: =EJ70*$G$72 -> 0 | EM72: =EL70*$G$72 -> 0 | EO72: =EN70*$G$72 -> 0 | EQ72: =EP70*$G$72 -> 0 | ES72: =ER70*$G$72 -> 0 | EU72: =ET70*$G$72 -> 0 | EW72: =EV70*$G$72 -> 0 | EY72: =EX70*$G$72 -> 0 | FA72: =EZ70*$G$72 -> 0 | FC72: =FB70*$G$72 -> 0 | FE72: =FD70*$G$72 -> 0 | FG72: =FF70*$G$72 -> 0 | FI72: =FH70*$G$72 -> 0 | FK72: =FJ70*$G$72 -> 0 | FM72: =FL70*$G$72 -> 0 | FO72: =FN70*$G$72 -> 0 | FQ72: =FP70*$G$72 -> 0
F73: 4 | I73: =H70*G73 -> 0 | K73: =J70*$G$73 -> 0 | M73: =L70*$G$73 -> 0 | O73: =N70*$G$73 -> 0 | Q73: =P70*$G$73 -> 0 | S73: =R70*$G$73 -> 0 | U73: =T70*$G$73 -> 0 | W73: =V70*$G$73 -> 0 | Y73: =X70*$G$73 -> 0 | AA73: =Z70*$G$73 -> 0 | AC73: =AB70*$G$73 -> 0 | AE73: =AD70*$G$73 -> 0 | AG73: =AF70*$G$73 -> 0 | AI73: =AH70*$G$73 -> 0 | AK73: =AJ70*$G$73 -> 0 | AM73: =AL70*$G$73 -> 0 | AO73: =AN70*$G$73 -> 0 | AQ73: =AP70*$G$73 -> 0 | AS73: =AR70*$G$73 -> 0 | AU73: =AT70*$G$73 -> 0 | AW73: =AV70*$G$73 -> 0 | AY73: =AX70*$G$73 -> 0 | BA73: =AZ70*$G$73 -> 0 | BC73: =BB70*$G$73 -> 0 | BE73: =BD70*$G$73 -> 0 | BG73: =BF70*$G$73 -> 0 | BI73: =BH70*$G$73 -> 0 | BK73: =BJ70*$G$73 -> 0 | BM73: =BL70*$G$73 -> 0 | BO73: =BN70*$G$73 -> 0 | BQ73: =BP70*$G$73 -> 0 | BS73: =BR70*$G$73 -> 0 | BU73: =BT70*$G$73 -> 0 | BW73: =BV70*$G$73 -> 0 | BY73: =BX70*$G$73 -> 0 | CA73: =BZ70*$G$73 -> 0 | CC73: =CB70*$G$73 -> 0 | CE73: =CD70*$G$73 -> 0 | CG73: =CF70*$G$73 -> 0 | CI73: =CH70*$G$73 -> 0 | CK73: =CJ70*$G$73 -> 0 | CM73: =CL70*$G$73 -> 0 | CO73: =CN70*$G$73 -> 0 | CQ73: =CP70*$G$73 -> 0 | CS73: =CR70*$G$73 -> 0 | CU73: =CT70*$G$73 -> 0 | CW73: =CV70*$G$73 -> 0 | CY73: =CX70*$G$73 -> 0 | DA73: =CZ70*$G$73 -> 0 | DC73: =DB70*$G$73 -> 0 | DE73: =DD70*$G$73 -> 0 | DG73: =DF70*$G$73 -> 0 | DI73: =DH70*$G$73 -> 0 | DK73: =DJ70*$G$73 -> 0 | DM73: =DL70*$G$73 -> 0 | DO73: =DN70*$G$73 -> 0 | DQ73: =DP70*$G$73 -> 0 | DS73: =DR70*$G$73 -> 0 | DU73: =DT70*$G$73 -> 0 | DW73: =DV70*$G$73 -> 0 | DY73: =DX70*$G$73 -> 0 | EA73: =DZ70*$G$73 -> 0 | EC73: =EB70*$G$73 -> 0 | EE73: =ED70*$G$73 -> 0 | EG73: =EF70*$G$73 -> 0 | EI73: =EH70*$G$73 -> 0 | EK73: =EJ70*$G$73 -> 0 | EM73: =EL70*$G$73 -> 0 | EO73: =EN70*$G$73 -> 0 | EQ73: =EP70*$G$73 -> 0 | ES73: =ER70*$G$73 -> 0 | EU73: =ET70*$G$73 -> 0 | EW73: =EV70*$G$73 -> 0 | EY73: =EX70*$G$73 -> 0 | FA73: =EZ70*$G$73 -> 0 | FC73: =FB70*$G$73 -> 0 | FE73: =FD70*$G$73 -> 0 | FG73: =FF70*$G$73 -> 0 | FI73: =FH70*$G$73 -> 0 | FK73: =FJ70*$G$73 -> 0 | FM73: =FL70*$G$73 -> 0 | FO73: =FN70*$G$73 -> 0 | FQ73: =FP70*$G$73 -> 0
F74: 5 | I74: =H70*G74 -> 0 | K74: =J70*$G$74 -> 0 | M74: =L70*$G$74 -> 0 | O74: =N70*$G$74 -> 0 | Q74: =P70*$G$74 -> 0 | S74: =R70*$G$74 -> 0 | U74: =T70*$G$74 -> 0 | W74: =V70*$G$74 -> 0 | Y74: =X70*$G$74 -> 0 | AA74: =Z70*$G$74 -> 0 | AC74: =AB70*$G$74 -> 0 | AE74: =AD70*$G$74 -> 0 | AG74: =AF70*$G$74 -> 0 | AI74: =AH70*$G$74 -> 0 | AK74: =AJ70*$G$74 -> 0 | AM74: =AL70*$G$74 -> 0 | AO74: =AN70*$G$74 -> 0 | AQ74: =AP70*$G$74 -> 0 | AS74: =AR70*$G$74 -> 0 | AU74: =AT70*$G$74 -> 0 | AW74: =AV70*$G$74 -> 0 | AY74: =AX70*$G$74 -> 0 | BA74: =AZ70*$G$74 -> 0 | BC74: =BB70*$G$74 -> 0 | BE74: =BD70*$G$74 -> 0 | BG74: =BF70*$G$74 -> 0 | BI74: =BH70*$G$74 -> 0 | BK74: =BJ70*$G$74 -> 0 | BM74: =BL70*$G$74 -> 0 | BO74: =BN70*$G$74 -> 0 | BQ74: =BP70*$G$74 -> 0 | BS74: =BR70*$G$74 -> 0 | BU74: =BT70*$G$74 -> 0 | BW74: =BV70*$G$74 -> 0 | BY74: =BX70*$G$74 -> 0 | CA74: =BZ70*$G$74 -> 0 | CC74: =CB70*$G$74 -> 0 | CE74: =CD70*$G$74 -> 0 | CG74: =CF70*$G$74 -> 0 | CI74: =CH70*$G$74 -> 0 | CK74: =CJ70*$G$74 -> 0 | CM74: =CL70*$G$74 -> 0 | CO74: =CN70*$G$74 -> 0 | CQ74: =CP70*$G$74 -> 0 | CS74: =CR70*$G$74 -> 0 | CU74: =CT70*$G$74 -> 0 | CW74: =CV70*$G$74 -> 0 | CY74: =CX70*$G$74 -> 0 | DA74: =CZ70*$G$74 -> 0 | DC74: =DB70*$G$74 -> 0 | DE74: =DD70*$G$74 -> 0 | DG74: =DF70*$G$74 -> 0 | DI74: =DH70*$G$74 -> 0 | DK74: =DJ70*$G$74 -> 0 | DM74: =DL70*$G$74 -> 0 | DO74: =DN70*$G$74 -> 0 | DQ74: =DP70*$G$74 -> 0 | DS74: =DR70*$G$74 -> 0 | DU74: =DT70*$G$74 -> 0 | DW74: =DV70*$G$74 -> 0 | DY74: =DX70*$G$74 -> 0 | EA74: =DZ70*$G$74 -> 0 | EC74: =EB70*$G$74 -> 0 | EE74: =ED70*$G$74 -> 0 | EG74: =EF70*$G$74 -> 0 | EI74: =EH70*$G$74 -> 0 | EK74: =EJ70*$G$74 -> 0 | EM74: =EL70*$G$74 -> 0 | EO74: =EN70*$G$74 -> 0 | EQ74: =EP70*$G$74 -> 0 | ES74: =ER70*$G$74 -> 0 | EU74: =ET70*$G$74 -> 0 | EW74: =EV70*$G$74 -> 0 | EY74: =EX70*$G$74 -> 0 | FA74: =EZ70*$G$74 -> 0 | FC74: =FB70*$G$74 -> 0 | FE74: =FD70*$G$74 -> 0 | FG74: =FF70*$G$74 -> 0 | FI74: =FH70*$G$74 -> 0 | FK74: =FJ70*$G$74 -> 0 | FM74: =FL70*$G$74 -> 0 | FO74: =FN70*$G$74 -> 0 | FQ74: =FP70*$G$74 -> 0
F75: 6 | I75: =H70*G75 -> 0 | K75: =J70*$G$75 -> 0 | M75: =L70*$G$75 -> 0 | O75: =N70*$G$75 -> 0 | Q75: =P70*$G$75 -> 0 | S75: =R70*$G$75 -> 0 | U75: =T70*$G$75 -> 0 | W75: =V70*$G$75 -> 0 | Y75: =X70*$G$75 -> 0 | AA75: =Z70*$G$75 -> 0 | AC75: =AB70*$G$75 -> 0 | AE75: =AD70*$G$75 -> 0 | AG75: =AF70*$G$75 -> 0 | AI75: =AH70*$G$75 -> 0 | AK75: =AJ70*$G$75 -> 0 | AM75: =AL70*$G$75 -> 0 | AO75: =AN70*$G$75 -> 0 | AQ75: =AP70*$G$75 -> 0 | AS75: =AR70*$G$75 -> 0 | AU75: =AT70*$G$75 -> 0 | AW75: =AV70*$G$75 -> 0 | AY75: =AX70*$G$75 -> 0 | BA75: =AZ70*$G$75 -> 0 | BC75: =BB70*$G$75 -> 0 | BE75: =BD70*$G$75 -> 0 | BG75: =BF70*$G$75 -> 0 | BI75: =BH70*$G$75 -> 0 | BK75: =BJ70*$G$75 -> 0 | BM75: =BL70*$G$75 -> 0 | BO75: =BN70*$G$75 -> 0 | BQ75: =BP70*$G$75 -> 0 | BS75: =BR70*$G$75 -> 0 | BU75: =BT70*$G$75 -> 0 | BW75: =BV70*$G$75 -> 0 | BY75: =BX70*$G$75 -> 0 | CA75: =BZ70*$G$75 -> 0 | CC75: =CB70*$G$75 -> 0 | CE75: =CD70*$G$75 -> 0 | CG75: =CF70*$G$75 -> 0 | CI75: =CH70*$G$75 -> 0 | CK75: =CJ70*$G$75 -> 0 | CM75: =CL70*$G$75 -> 0 | CO75: =CN70*$G$75 -> 0 | CQ75: =CP70*$G$75 -> 0 | CS75: =CR70*$G$75 -> 0 | CU75: =CT70*$G$75 -> 0 | CW75: =CV70*$G$75 -> 0 | CY75: =CX70*$G$75 -> 0 | DA75: =CZ70*$G$75 -> 0 | DC75: =DB70*$G$75 -> 0 | DE75: =DD70*$G$75 -> 0 | DG75: =DF70*$G$75 -> 0 | DI75: =DH70*$G$75 -> 0 | DK75: =DJ70*$G$75 -> 0 | DM75: =DL70*$G$75 -> 0 | DO75: =DN70*$G$75 -> 0 | DQ75: =DP70*$G$75 -> 0 | DS75: =DR70*$G$75 -> 0 | DU75: =DT70*$G$75 -> 0 | DW75: =DV70*$G$75 -> 0 | DY75: =DX70*$G$75 -> 0 | EA75: =DZ70*$G$75 -> 0 | EC75: =EB70*$G$75 -> 0 | EE75: =ED70*$G$75 -> 0 | EG75: =EF70*$G$75 -> 0 | EI75: =EH70*$G$75 -> 0 | EK75: =EJ70*$G$75 -> 0 | EM75: =EL70*$G$75 -> 0 | EO75: =EN70*$G$75 -> 0 | EQ75: =EP70*$G$75 -> 0 | ES75: =ER70*$G$75 -> 0 | EU75: =ET70*$G$75 -> 0 | EW75: =EV70*$G$75 -> 0 | EY75: =EX70*$G$75 -> 0 | FA75: =EZ70*$G$75 -> 0 | FC75: =FB70*$G$75 -> 0 | FE75: =FD70*$G$75 -> 0 | FG75: =FF70*$G$75 -> 0 | FI75: =FH70*$G$75 -> 0 | FK75: =FJ70*$G$75 -> 0 | FM75: =FL70*$G$75 -> 0 | FO75: =FN70*$G$75 -> 0 | FQ75: =FP70*$G$75 -> 0
A76: xxxxx | G76: Total de peças por loja | K76: =SUM(K4:K75) -> 380 | M76: =SUM(M4:M75) -> 380 | O76: =SUM(O4:O75) -> 380 | Q76: =SUM(Q4:Q75) -> 370 | S76: =SUM(S4:S75) -> 370 | U76: =SUM(U4:U75) -> 370 | W76: =SUM(W4:W75) -> 360 | Y76: =SUM(Y4:Y75) -> 360 | AA76: =SUM(AA4:AA75) -> 360 | AC76: =SUM(AC4:AC75) -> 350 | AE76: =SUM(AE4:AE75) -> 350 | AG76: =SUM(AG4:AG75) -> 350 | AI76: =SUM(AI4:AI75) -> 340 | AK76: =SUM(AK4:AK75) -> 240 | AM76: =SUM(AM4:AM75) -> 240 | AO76: =SUM(AO4:AO75) -> 230 | AQ76: =SUM(AQ4:AQ75) -> 220 | AS76: =SUM(AS4:AS75) -> 220 | AU76: =SUM(AU4:AU75) -> 220 | AW76: =SUM(AW4:AW75) -> 210 | AY76: =SUM(AY4:AY75) -> 210 | BA76: =SUM(BA4:BA75) -> 210 | BC76: =SUM(BC4:BC75) -> 210 | BE76: =SUM(BE4:BE75) -> 210 | BG76: =SUM(BG4:BG75) -> 210 | BI76: =SUM(BI4:BI75) -> 210 | BK76: =SUM(BK4:BK75) -> 210 | BM76: =SUM(BM4:BM75) -> 210 | BO76: =SUM(BO4:BO75) -> 210 | BQ76: =SUM(BQ4:BQ75) -> 210 | BS76: =SUM(BS4:BS75) -> 210 | BU76: =SUM(BU4:BU75) -> 210 | BW76: =SUM(BW4:BW75) -> 210 | BY76: =SUM(BY4:BY75) -> 210 | CA76: =SUM(CA4:CA75) -> 210 | CC76: =SUM(CC4:CC75) -> 210 | CE76: =SUM(CE4:CE75) -> 210 | CG76: =SUM(CG4:CG75) -> 210 | CI76: =SUM(CI4:CI75) -> 210 | CK76: =SUM(CK4:CK75) -> 180 | CM76: =SUM(CM4:CM75) -> 170 | CO76: =SUM(CO4:CO75) -> 170 | CQ76: =SUM(CQ4:CQ75) -> 170 | CS76: =SUM(CS4:CS75) -> 170 | CU76: =SUM(CU4:CU75) -> 170 | CW76: =SUM(CW4:CW75) -> 170 | CY76: =SUM(CY4:CY75) -> 170 | DA76: =SUM(DA4:DA75) -> 170 | DC76: =SUM(DC4:DC75) -> 170 | DE76: =SUM(DE4:DE75) -> 170 | DG76: =SUM(DG4:DG75) -> 170 | DI76: =SUM(DI4:DI75) -> 170 | DK76: =SUM(DK4:DK75) -> 170 | DM76: =SUM(DM4:DM75) -> 170 | DO76: =SUM(DO4:DO75) -> 170 | DQ76: =SUM(DQ4:DQ75) -> 170 | DS76: =SUM(DS4:DS75) -> 170 | DU76: =SUM(DU4:DU75) -> 170 | DW76: =SUM(DW4:DW75) -> 170 | DY76: =SUM(DY4:DY75) -> 170 | EA76: =SUM(EA4:EA75) -> 170 | EC76: =SUM(EC4:EC75) -> 170 | EE76: =SUM(EE4:EE75) -> 170 | EG76: =SUM(EG4:EG75) -> 170 | EI76: =SUM(EI4:EI75) -> 170 | EK76: =SUM(EK4:EK75) -> 170 | EM76: =SUM(EM4:EM75) -> 170 | EO76: =SUM(EO4:EO75) -> 170 | EQ76: =SUM(EQ4:EQ75) -> 170 | ES76: =SUM(ES4:ES75) -> 170 | EU76: =SUM(EU4:EU75) -> 170 | EW76: =SUM(EW4:EW75) -> 170 | EY76: =SUM(EY4:EY75) -> 170 | FA76: =SUM(FA4:FA75) -> 170 | FC76: =SUM(FC4:FC75) -> 170 | FE76: =SUM(FE4:FE75) -> 170 | FG76: =SUM(FG4:FG75) -> 170 | FI76: =SUM(FI4:FI75) -> 170 | FK76: =SUM(FK4:FK75) -> 170 | FM76: =SUM(FM4:FM75) -> 170 | FO76: =SUM(FO4:FO75) -> 170 | FQ76: =SUM(FQ4:FQ75) -> 170
A77: xxxxx
A78: xxxxx | G78: Total de volumes | K78: =K76/80 -> 4.75 | M78: =M76/80 -> 4.75 | O78: =O76/80 -> 4.75 | Q78: =Q76/80 -> 4.625 | S78: =S76/80 -> 4.625 | U78: =U76/80 -> 4.625 | W78: =W76/80 -> 4.5 | Y78: =Y76/80 -> 4.5 | AA78: =AA76/80 -> 4.5 | AC78: =AC76/80 -> 4.375 | AE78: =AE76/80 -> 4.375 | AG78: =AG76/80 -> 4.375 | AI78: =AI76/80 -> 4.25 | AK78: =AK76/80 -> 3 | AM78: =AM76/80 -> 3 | AO78: =AO76/80 -> 2.875 | AQ78: =AQ76/80 -> 2.75 | AS78: =AS76/80 -> 2.75 | AU78: =AU76/80 -> 2.75 | AW78: =AW76/80 -> 2.625 | AY78: =AY76/80 -> 2.625 | BA78: =BA76/80 -> 2.625 | BC78: =BC76/80 -> 2.625 | BE78: =BE76/80 -> 2.625 | BG78: =BG76/80 -> 2.625 | BI78: =BI76/80 -> 2.625 | BK78: =BK76/80 -> 2.625 | BM78: =BM76/80 -> 2.625 | BO78: =BO76/80 -> 2.625 | BQ78: =BQ76/80 -> 2.625 | BS78: =BS76/80 -> 2.625 | BU78: =BU76/80 -> 2.625 | BW78: =BW76/80 -> 2.625 | BY78: =BY76/80 -> 2.625 | CA78: =CA76/80 -> 2.625 | CC78: =CC76/80 -> 2.625 | CE78: =CE76/80 -> 2.625 | CG78: =CG76/80 -> 2.625 | CI78: =CI76/80 -> 2.625 | CK78: =CK76/80 -> 2.25 | CM78: =CM76/80 -> 2.125 | CO78: =CO76/80 -> 2.125 | CQ78: =CQ76/80 -> 2.125 | CS78: =CS76/80 -> 2.125 | CU78: =CU76/80 -> 2.125 | CW78: =CW76/80 -> 2.125 | CY78: =CY76/80 -> 2.125 | DA78: =DA76/80 -> 2.125 | DC78: =DC76/80 -> 2.125 | DE78: =DE76/80 -> 2.125 | DG78: =DG76/80 -> 2.125 | DI78: =DI76/80 -> 2.125 | DK78: =DK76/80 -> 2.125 | DM78: =DM76/80 -> 2.125 | DO78: =DO76/80 -> 2.125 | DQ78: =DQ76/80 -> 2.125 | DS78: =DS76/80 -> 2.125 | DU78: =DU76/80 -> 2.125 | DW78: =DW76/80 -> 2.125 | DY78: =DY76/80 -> 2.125 | EA78: =EA76/80 -> 2.125 | EC78: =EC76/80 -> 2.125 | EE78: =EE76/80 -> 2.125 | EG78: =EG76/80 -> 2.125 | EI78: =EI76/80 -> 2.125 | EK78: =EK76/80 -> 2.125 | EM78: =EM76/80 -> 2.125 | EO78: =EO76/80 -> 2.125 | EQ78: =EQ76/80 -> 2.125 | ES78: =ES76/80 -> 2.125 | EU78: =EU76/80 -> 2.125 | EW78: =EW76/80 -> 2.125 | EY78: =EY76/80 -> 2.125 | FA78: =FA76/80 -> 2.125 | FC78: =FC76/80 -> 2.125 | FE78: =FE76/80 -> 2.125 | FG78: =FG76/80 -> 2.125 | FI78: =FI76/80 -> 2.125 | FK78: =FK76/80 -> 2.125 | FM78: =FM76/80 -> 2.125 | FO78: =FO76/80 -> 2.125 | FQ78: =FQ76/80 -> 2.125
A79: xxxxx | G79: Total de volumes exato | K79: =ROUNDUP(K78,0) -> 5 | M79: =ROUNDUP(M78,0) -> 5 | O79: =ROUNDUP(O78,0) -> 5 | Q79: =ROUNDUP(Q78,0) -> 5 | S79: =ROUNDUP(S78,0) -> 5 | U79: =ROUNDUP(U78,0) -> 5 | W79: =ROUNDUP(W78,0) -> 5 | Y79: =ROUNDUP(Y78,0) -> 5 | AA79: =ROUNDUP(AA78,0) -> 5 | AC79: =ROUNDUP(AC78,0) -> 5 | AE79: =ROUNDUP(AE78,0) -> 5 | AG79: =ROUNDUP(AG78,0) -> 5 | AI79: =ROUNDUP(AI78,0) -> 5 | AK79: =ROUNDUP(AK78,0) -> 3 | AM79: =ROUNDUP(AM78,0) -> 3 | AO79: =ROUNDUP(AO78,0) -> 3 | AQ79: =ROUNDUP(AQ78,0) -> 3 | AS79: =ROUNDUP(AS78,0) -> 3 | AU79: =ROUNDUP(AU78,0) -> 3 | AW79: =ROUNDUP(AW78,0) -> 3 | AY79: =ROUNDUP(AY78,0) -> 3 | BA79: =ROUNDUP(BA78,0) -> 3 | BC79: =ROUNDUP(BC78,0) -> 3 | BE79: =ROUNDUP(BE78,0) -> 3 | BG79: =ROUNDUP(BG78,0) -> 3 | BI79: =ROUNDUP(BI78,0) -> 3 | BK79: =ROUNDUP(BK78,0) -> 3 | BM79: =ROUNDUP(BM78,0) -> 3 | BO79: =ROUNDUP(BO78,0) -> 3 | BQ79: =ROUNDUP(BQ78,0) -> 3 | BS79: =ROUNDUP(BS78,0) -> 3 | BU79: =ROUNDUP(BU78,0) -> 3 | BW79: =ROUNDUP(BW78,0) -> 3 | BY79: =ROUNDUP(BY78,0) -> 3 | CA79: =ROUNDUP(CA78,0) -> 3 | CC79: =ROUNDUP(CC78,0) -> 3 | CE79: =ROUNDUP(CE78,0) -> 3 | CG79: =ROUNDUP(CG78,0) -> 3 | CI79: =ROUNDUP(CI78,0) -> 3 | CK79: =ROUNDUP(CK78,0) -> 3 | CM79: =ROUNDUP(CM78,0) -> 3 | CO79: =ROUNDUP(CO78,0) -> 3 | CQ79: =ROUNDUP(CQ78,0) -> 3 | CS79: =ROUNDUP(CS78,0) -> 3 | CU79: =ROUNDUP(CU78,0) -> 3 | CW79: =ROUNDUP(CW78,0) -> 3 | CY79: =ROUNDUP(CY78,0) -> 3 | DA79: =ROUNDUP(DA78,0) -> 3 | DC79: =ROUNDUP(DC78,0) -> 3 | DE79: =ROUNDUP(DE78,0) -> 3 | DG79: =ROUNDUP(DG78,0) -> 3 | DI79: =ROUNDUP(DI78,0) -> 3 | DK79: =ROUNDUP(DK78,0) -> 3 | DM79: =ROUNDUP(DM78,0) -> 3 | DO79: =ROUNDUP(DO78,0) -> 3 | DQ79: =ROUNDUP(DQ78,0) -> 3 | DS79: =ROUNDUP(DS78,0) -> 3 | DU79: =ROUNDUP(DU78,0) -> 3 | DW79: =ROUNDUP(DW78,0) -> 3 | DY79: =ROUNDUP(DY78,0) -> 3 | EA79: =ROUNDUP(EA78,0) -> 3 | EC79: =ROUNDUP(EC78,0) -> 3 | EE79: =ROUNDUP(EE78,0) -> 3 | EG79: =ROUNDUP(EG78,0) -> 3 | EI79: =ROUNDUP(EI78,0) -> 3 | EK79: =ROUNDUP(EK78,0) -> 3 | EM79: =ROUNDUP(EM78,0) -> 3 | EO79: =ROUNDUP(EO78,0) -> 3 | EQ79: =ROUNDUP(EQ78,0) -> 3 | ES79: =ROUNDUP(ES78,0) -> 3 | EU79: =ROUNDUP(EU78,0) -> 3 | EW79: =ROUNDUP(EW78,0) -> 3 | EY79: =ROUNDUP(EY78,0) -> 3 | FA79: =ROUNDUP(FA78,0) -> 3 | FC79: =ROUNDUP(FC78,0) -> 3 | FE79: =ROUNDUP(FE78,0) -> 3 | FG79: =ROUNDUP(FG78,0) -> 3 | FI79: =ROUNDUP(FI78,0) -> 3 | FK79: =ROUNDUP(FK78,0) -> 3 | FM79: =ROUNDUP(FM78,0) -> 3 | FO79: =ROUNDUP(FO78,0) -> 3 | FQ79: =ROUNDUP(FQ78,0) -> 3

Sheet Planilha2
A1: dd
A2: 43 | B2: 55
A3: 44 | B3: =B2+54 -> 109
A4: 24
A5: BA
A6: 35
A7: 25
A8: 48
A9: I2
A10: J5
A11: 88
A12: 58
A13: P1
A14: 23
A15: 56
A16: I6
A17: 28
A18: P4
A19: BY
A20: 46
A21: 19
A22: BX
A23: 82
A24: 63
A25: 33
A26: J4
A27: J1
A28: 89
A29: B0
A30: 61
A31: O9
A32: W3
A33: J8
A34: J9
A35: B3
A36: O2
A37: 37
A38: O3
A39: B2
A40: 65
A41: 66
A42: AQ
A43: EX
A44: 10
A45: 50
A46: DK
A47: S7
A48: W6
A49: J7
A50: 12
A51: 85
A52: 13
A53: EL
A54: CF
A55: B4
A56: O7
A57: IB
A58: II
A59: I9
A60: IE
A61: I0
A62: IJ
A63: 62
A64: Q1
A65: N1
A66: J3
A67: Q2
A68: S5
A69: Q3
A70: KH
A71: Q4
A72: GX
A73: 93
A74: R1
A75: X6
A76: DX
A77: R3
A78: R2
A79: GJ
A80: KD
A81: KK
A82: KR
A83: KW

Sheet planilha de pedidos
A1: dd | B1: Loja | C1: Código | D1: qtd | E1: Pedido | F1: Volume
A2: =IF(ISERROR(VLOOKUP(C2,I:I,1,0)),0,1) -> 0 | B2: 43 | C2: 109130016D1 | D2: =VLOOKUP(C2,'DISTRIBUIÇÃO NF4267'!$E$3:$FQ$75,MATCH(B2,'DISTRIBUIÇÃO NF4267'!$E$3:$FQ$3,0)+1,0) -> 0 | F2: =ROUNDUP(SUMIFS(D:D,B:B,B2)/80,0) -> 5
A3: =IF(ISERROR(VLOOKUP(C3,I:I,1,0)),0,1) -> 0 | B3: 43 | C3: 109130016D2 | D3: =VLOOKUP(C3,'DISTRIBUIÇÃO NF4267'!$E$3:$FQ$75,MATCH(B3,'DISTRIBUIÇÃO NF4267'!$E$3:$FQ$3,0)+1,0) -> 4 | F3: =ROUNDUP(SUMIFS(D:D,B:B,B3)/80,0) -> 5
A4: =IF(ISERROR(VLOOKUP(C4,I:I,1,0)),0,1) -> 0 | B4: 43 | C4: 109130016D3 | D4: =VLOOKUP(C4,'DISTRIBUIÇÃO NF4267'!$E$3:$FQ$75,MATCH(B4,'DISTRIBUIÇÃO NF4267'!$E$3:$FQ$3,0)+1,0) -> 8 | F4: =ROUNDUP(SUMIFS(D:D,B:B,B4)/80,0) -> 5
A5: =IF(ISERROR(VLOOKUP(C5,I:I,1,0)),0,1) -> 0 | B5: 43 | C5: 109130016D4 | D5: =VLOOKUP(C5,'DISTRIBUIÇÃO NF4267'!$E$3:$FQ$75,MATCH(B5,'DISTRIBUIÇÃO NF4267'!$E$3:$FQ$3,0)+1,0) -> 4 | F5: =ROUNDUP(SUMIFS(D:D,B:B,B5)/80,0) -> 5
A6: =IF(ISERROR(VLOOKUP(C6,I:I,1,0)),0,1) -> 0 | B6: 43 | C6: 109130016D5 | D6: =VLOOKUP(C6,'DISTRIBUIÇÃO NF4267'!$E$3:$FQ$75,MATCH(B6,'DISTRIBUIÇÃO NF4267'!$E$3:$FQ$3,0)+1,0) -> 4 | F6: =ROUNDUP(SUMIFS(D:D,B:B,B6)/80,0) -> 5
A7: =IF(ISERROR(VLOOKUP(C7,I:I,1,0)),0,1) -> 0 | B7: 43 | C7: 109130016D6 | D7: =VLOOKUP(C7,'DISTRIBUIÇÃO NF4267'!$E$3:$FQ$75,MATCH(B7,'DISTRIBUIÇÃO NF4267'!$E$3:$FQ$3,0)+1,0) -> 0 | F7: =ROUNDUP(SUMIFS(D:D,B:B,B7)/80,0) -> 5
A8: =IF(ISERROR(VLOOKUP(C8,I:I,1,0)),0,1) -> 0 | B8: 43 | C8: 109130015B1 | D8: =VLOOKUP(C8,'DISTRIBUIÇÃO NF4267'!$E$3:$FQ$75,MATCH(B8,'DISTRIBUIÇÃO NF4267'!$E$3:$FQ$3,0)+1,0) -> 0 | F8: =ROUNDUP(SUMIFS(D:D,B:B,B8)/80,0) -> 5
A9: =IF(ISERROR(VLOOKUP(C9,I:I,1,0)),0,1) -> 0 | B9: 43 | C9: 109130015B2 | D9: =VLOOKUP(C9,'DISTRIBUIÇÃO NF4267'!$E$3:$FQ$75,MATCH(B9,'DISTRIBUIÇÃO NF4267'!$E$3:$FQ$3,0)+1,0) -> 6 | F9: =ROUNDUP(SUMIFS(D:D,B:B,B9)/80,0) -> 5
A10: =IF(ISERROR(VLOOKUP(C10,I:I,1,0)),0,1) -> 0 | B10: 43 | C10: 109130015B3 | D10: =VLOOKUP(C10,'DISTRIBUIÇÃO NF4267'!$E$3:$FQ$75,MATCH(B10,'DISTRIBUIÇÃO NF4267'!$E$3:$FQ$3,0)+1,0) -> 12 | F10: =ROUNDUP(SUMIFS(D:D,B:B,B10)/80,0) -> 5
A11: =IF(ISERROR(VLOOKUP(C11,I:I,1,0)),0,1) -> 0 | B11: 43 | C11: 109130015B4 | D11: =VLOOKUP(C11,'DISTRIBUIÇÃO NF4267'!$E$3:$FQ$75,MATCH(B11,'DISTRIBUIÇÃO NF4267'!$E$3:$FQ$3,0)+1,0) -> 6 | F11: =ROUNDUP(SUMIFS(D:D,B:B,B11)/80,0) -> 5
A12: =IF(ISERROR(VLOOKUP(C12,I:I,1,0)),0,1) -> 0 | B12: 43 | C12: 109130015B5 | D12: =VLOOKUP(C12,'DISTRIBUIÇÃO NF4267'!$E$3:$FQ$75,MATCH(B12,'DISTRIBUIÇÃO NF4267'!$E$3:$FQ$3,0)+1,0) -> 6 | F12: =ROUNDUP(SUMIFS(D:D,B:B,B12)/80,0) -> 5
A13: =IF(ISERROR(VLOOKUP(C13,I:I,1,0)),0,1) -> 0 | B13: 43 | C13: 109130015B6 | D13: =VLOOKUP(C13,'DISTRIBUIÇÃO NF4267'!$E$3:$FQ$75,MATCH(B13,'DISTRIBUIÇÃO NF4267'!$E$3:$FQ$3,0)+1,0) -> 0 | F13: =ROUNDUP(SUMIFS(D:D,B:B,B13)/80,0) -> 5
... A53: =IF(ISERROR(VLOOKUP(C53,I:I,1,0)),0,1) -> 0 | B53: 43 | C53: 109130016V4 | D53: =VLOOKUP(C53,'DISTRIBUIÇÃO NF4267'!$E$3:$FQ$75,MATCH(B53,'DISTRIBUIÇÃO NF4267'!$E$3:$FQ$3,0)+1,0) -> 12 | F53: =ROUNDUP(SUMIFS(D:D,B:B,B53)/80,0) -> 5
A54: =IF(ISERROR(VLOOKUP(C54,I:I,1,0)),0,1) -> 0 | B54: 43 | C54: 109130016V5 | D54: =VLOOKUP(C54,'DISTRIBUIÇÃO NF4267'!$E$3:$FQ$75,MATCH(B54,'DISTRIBUIÇÃO NF4267'!$E$3:$FQ$3,0)+1,0) -> 12 | F54: =ROUNDUP(SUMIFS(D:D,B:B,B54)/80,0) -> 5 | H54: 43
A55: =IF(ISERROR(VLOOKUP(C55,I:I,1,0)),0,1) -> 0 | B55: 43 | C55: 109130016V6 | D55: =VLOOKUP(C55,'DISTRIBUIÇÃO NF4267'!$E$3:$FQ$75,MATCH(B55,'DISTRIBUIÇÃO NF4267'!$E$3:$FQ$3,0)+1,0) -> 0 | F55: =ROUNDUP(SUMIFS(D:D,B:B,B55)/80,0) -> 5 | H55: =IF(B55<>"",H54,B55) -> 43
A56: =IF(ISERROR(VLOOKUP(C56,I:I,1,0)),0,1) -> 0 | B56: 44 | C56: 109130016D1 | D56: =VLOOKUP(C56,'DISTRIBUIÇÃO NF4267'!$E$3:$FQ$75,MATCH(B56,'DISTRIBUIÇÃO NF4267'!$E$3:$FQ$3,0)+1,0) -> 0 | F56: =ROUNDUP(SUMIFS(D:D,B:B,B56)/80,0) -> 5 | H56: =IF(B56<>"",#REF!,B56) -> #REF!
A57: =IF(ISERROR(VLOOKUP(C57,I:I,1,0)),0,1) -> 0 | B57: =B56 -> 44 | C57: 109130016D2 | D57: =VLOOKUP(C57,'DISTRIBUIÇÃO NF4267'!$E$3:$FQ$75,MATCH(B57,'DISTRIBUIÇÃO NF4267'!$E$3:$FQ$3,0)+1,0) -> 4 | F57: =ROUNDUP(SUMIFS(D:D,B:B,B57)/80,0) -> 5
A58: =IF(ISERROR(VLOOKUP(C58,I:I,1,0)),0,1) -> 0 | B58: =B57 -> 44 | C58: 109130016D3 | D58: =VLOOKUP(C58,'DISTRIBUIÇÃO NF4267'!$E$3:$FQ$75,MATCH(B58,'DISTRIBUIÇÃO NF4267'!$E$3:$FQ$3,0)+1,0) -> 8 | F58: =ROUNDUP(SUMIFS(D:D,B:B,B58)/80,0) -> 5
A59: =IF(ISERROR(VLOOKUP(C59,I:I,1,0)),0,1) -> 0 | B59: =B58 -> 44 | C59: 109130016D4 | D59: =VLOOKUP(C59,'DISTRIBUIÇÃO NF4267'!$E$3:$FQ$75,MATCH(B59,'DISTRIBUIÇÃO NF4267'!$E$3:$FQ$3,0)+1,0) -> 4 | F59: =ROUNDUP(SUMIFS(D:D,B:B,B59)/80,0) -> 5
A60: =IF(ISERROR(VLOOKUP(C60,I:I,1,0)),0,1) -> 0 | B60: =B59 -> 44 | C60: 109130016D5 | D60: =VLOOKUP(C60,'DISTRIBUIÇÃO NF4267'!$E$3:$FQ$75,MATCH(B60,'DISTRIBUIÇÃO NF4267'!$E$3:$FQ$3,0)+1,0) -> 4 | F60: =ROUNDUP(SUMIFS(D:D,B:B,B60)/80,0) -> 5
A61: =IF(ISERROR(VLOOKUP(C61,I:I,1,0)),0,1) -> 0 | B61: =B60 -> 44 | C61: 109130016D6 | D61: =VLOOKUP(C61,'DISTRIBUIÇÃO NF4267'!$E$3:$FQ$75,MATCH(B61,'DISTRIBUIÇÃO NF4267'!$E$3:$FQ$3,0)+1,0) -> 0 | F61: =ROUNDUP(SUMIFS(D:D,B:B,B61)/80,0) -> 5
A62: =IF(ISERROR(VLOOKUP(C62,I:I,1,0)),0,1) -> 0 | B62: =B61 -> 44 | C62: 109130015B1 | D62: =VLOOKUP(C62,'DISTRIBUIÇÃO NF4267'!$E$3:$FQ$75,MATCH(B62,'DISTRIBUIÇÃO NF4267'!$E$3:$FQ$3,0)+1,0) -> 0 | F62: =ROUNDUP(SUMIFS(D:D,B:B,B62)/80,0) -> 5
A63: =IF(ISERROR(VLOOKUP(C63,I:I,1,0)),0,1) -> 0 | B63: =B62 -> 44 | C63: 109130015B2 | D63: =VLOOKUP(C63,'DISTRIBUIÇÃO NF4267'!$E$3:$FQ$75,MATCH(B63,'DISTRIBUIÇÃO NF4267'!$E$3:$FQ$3,0)+1,0) -> 6 | F63: =ROUNDUP(SUMIFS(D:D,B:B,B63)/80,0) -> 5
A64: =IF(ISERROR(VLOOKUP(C64,I:I,1,0)),0,1) -> 0 | B64: =B63 -> 44 | C64: 109130015B3 | D64: =VLOOKUP(C64,'DISTRIBUIÇÃO NF4267'!$E$3:$FQ$75,MATCH(B64,'DISTRIBUIÇÃO NF4267'!$E$3:$FQ$3,0)+1,0) -> 12 | F64: =ROUNDUP(SUMIFS(D:D,B:B,B64)/80,0) -> 5
A65: =IF(ISERROR(VLOOKUP(C65,I:I,1,0)),0,1) -> 0 | B65: =B64 -> 44 | C65: 109130015B4 | D65: =VLOOKUP(C65,'DISTRIBUIÇÃO NF4267'!$E$3:$FQ$75,MATCH(B65,'DISTRIBUIÇÃO NF4267'!$E$3:$FQ$3,0)+1,0) -> 6 | F65: =ROUNDUP(SUMIFS(D:D,B:B,B65)/80,0) -> 5
A66: =IF(ISERROR(VLOOKUP(C66,I:I,1,0)),0,1) -> 0 | B66: =B65 -> 44 | C66: 109130015B5 | D66: =VLOOKUP(C66,'DISTRIBUIÇÃO NF4267'!$E$3:$FQ$75,MATCH(B66,'DISTRIBUIÇÃO NF4267'!$E$3:$FQ$3,0)+1,0) -> 6 | F66: =ROUNDUP(SUMIFS(D:D,B:B,B66)/80,0) -> 5
A67: =IF(ISERROR(VLOOKUP(C67,I:I,1,0)),0,1) -> 0 | B67: =B66 -> 44 | C67: 109130015B6 | D67: =VLOOKUP(C67,'DISTRIBUIÇÃO NF4267'!$E$3:$FQ$75,MATCH(B67,'DISTRIBUIÇÃO NF4267'!$E$3:$FQ$3,0)+1,0) -> 0 | F67: =ROUNDUP(SUMIFS(D:D,B:B,B67)/80,0) -> 5
A68: =IF(ISERROR(VLOOKUP(C68,I:I,1,0)),0,1) -> 0 | B68: =B67 -> 44 | C68: 109130019E1 | D68: =VLOOKUP(C68,'DISTRIBUIÇÃO NF4267'!$E$3:$FQ$75,MATCH(B68,'DISTRIBUIÇÃO NF4267'!$E$3:$FQ$3,0)+1,0) -> 0 | F68: =ROUNDUP(SUMIFS(D:D,B:B,B68)/80,0) -> 5
... A109: =IF(ISERROR(VLOOKUP(C109,I:I,1,0)),0,1) -> 0 | B109: =B108 -> 44 | C109: 109130016V6 | D109: =VLOOKUP(C109,'DISTRIBUIÇÃO NF4267'!$E$3:$FQ$75,MATCH(B109,'DISTRIBUIÇÃO NF4267'!$E$3:$FQ$3,0)+1,0) -> 0 | F109: =ROUNDUP(SUMIFS(D:D,B:B,B109)/80,0) -> 5
A110: =IF(ISERROR(VLOOKUP(C110,I:I,1,0)),0,1) -> 0 | B110: 24 | C110: 109130016D1 | D110: =VLOOKUP(C110,'DISTRIBUIÇÃO NF4267'!$E$3:$FQ$75,MATCH(B110,'DISTRIBUIÇÃO NF4267'!$E$3:$FQ$3,0)+1,0) -> 0 | F110: =ROUNDUP(SUMIFS(D:D,B:B,B110)/80,0) -> 5
A111: =IF(ISERROR(VLOOKUP(C111,I:I,1,0)),0,1) -> 0 | B111: =B110 -> 24 | C111: 109130016D2 | D111: =VLOOKUP(C111,'DISTRIBUIÇÃO NF4267'!$E$3:$FQ$75,MATCH(B111,'DISTRIBUIÇÃO NF4267'!$E$3:$FQ$3,0)+1,0) -> 4 | F111: =ROUNDUP(SUMIFS(D:D,B:B,B111)/80,0) -> 5
A112: =IF(ISERROR(VLOOKUP(C112,I:I,1,0)),0,1) -> 0 | B112: =B111 -> 24 | C112: 109130016D3 | D112: =VLOOKUP(C112,'DISTRIBUIÇÃO NF4267'!$E$3:$FQ$75,MATCH(B112,'DISTRIBUIÇÃO NF4267'!$E$3:$FQ$3,0)+1,0) -> 8 | F112: =ROUNDUP(SUMIFS(D:D,B:B,B112)/80,0) -> 5
A113: =IF(ISERROR(VLOOKUP(C113,I:I,1,0)),0,1) -> 0 | B113: =B112 -> 24 | C113: 109130016D4 | D113: =VLOOKUP(C113,'DISTRIBUIÇÃO NF4267'!$E$3:$FQ$75,MATCH(B113,'DISTRIBUIÇÃO NF4267'!$E$3:$FQ$3,0)+1,0) -> 4 | F113: =ROUNDUP(SUMIFS(D:D,B:B,B113)/80,0) -> 5
A114: =IF(ISERROR(VLOOKUP(C114,I:I,1,0)),0,1) -> 0 | B114: =B113 -> 24 | C114: 109130016D5 | D114: =VLOOKUP(C114,'DISTRIBUIÇÃO NF4267'!$E$3:$FQ$75,MATCH(B114,'DISTRIBUIÇÃO NF4267'!$E$3:$FQ$3,0)+1,0) -> 4 | F114: =ROUNDUP(SUMIFS(D:D,B:B,B114)/80,0) -> 5
A115: =IF(ISERROR(VLOOKUP(C115,I:I,1,0)),0,1) -> 0 | B115: =B114 -> 24 | C115: 109130016D6 | D115: =VLOOKUP(C115,'DISTRIBUIÇÃO NF4267'!$E$3:$FQ$75,MATCH(B115,'DISTRIBUIÇÃO NF4267'!$E$3:$FQ$3,0)+1,0) -> 0 | F115: =ROUNDUP(SUMIFS(D:D,B:B,B115)/80,0) -> 5
A116: =IF(ISERROR(VLOOKUP(C116,I:I,1,0)),0,1) -> 0 | B116: =B115 -> 24 | C116: 109130015B1 | D116: =VLOOKUP(C116,'DISTRIBUIÇÃO NF4267'!$E$3:$FQ$75,MATCH(B116,'DISTRIBUIÇÃO NF4267'!$E$3:$FQ$3,0)+1,0) -> 0 | F116: =ROUNDUP(SUMIFS(D:D,B:B,B116)/80,0) -> 5
A117: =IF(ISERROR(VLOOKUP(C117,I:I,1,0)),0,1) -> 0 | B117: =B116 -> 24 | C117: 109130015B2 | D117: =VLOOKUP(C117,'DISTRIBUIÇÃO NF4267'!$E$3:$FQ$75,MATCH(B117,'DISTRIBUIÇÃO NF4267'!$E$3:$FQ$3,0)+1,0) -> 6 | F117: =ROUNDUP(SUMIFS(D:D,B:B,B117)/80,0) -> 5
A118: =IF(ISERROR(VLOOKUP(C118,I:I,1,0)),0,1) -> 0 | B118: =B117 -> 24 | C118: 109130015B3 | D118: =VLOOKUP(C118,'DISTRIBUIÇÃO NF4267'!$E$3:$FQ$75,MATCH(B118,'DISTRIBUIÇÃO NF4267'!$E$3:$FQ$3,0)+1,0) -> 12 | F118: =ROUNDUP(SUMIFS(D:D,B:B,B118)/80,0) -> 5
A119: =IF(ISERROR(VLOOKUP(C119,I:I,1,0)),0,1) -> 0 | B119: =B118 -> 24 | C119: 109130015B4 | D119: =VLOOKUP(C119,'DISTRIBUIÇÃO NF4267'!$E$3:$FQ$75,MATCH(B119,'DISTRIBUIÇÃO NF4267'!$E$3:$FQ$3,0)+1,0) -> 6 | F119: =ROUNDUP(SUMIFS(D:D,B:B,B119)/80,0) -> 5
A120: =IF(ISERROR(VLOOKUP(C120,I:I,1,0)),0,1) -> 0 | B120: =B119 -> 24 | C120: 109130015B5 | D120: =VLOOKUP(C120,'DISTRIBUIÇÃO NF4267'!$E$3:$FQ$75,MATCH(B120,'DISTRIBUIÇÃO NF4267'!$E$3:$FQ$3,0)+1,0) -> 6 | F120: =ROUNDUP(SUMIFS(D:D,B:B,B120)/80,0) -> 5
A121: =IF(ISERROR(VLOOKUP(C121,I:I,1,0)),0,1) -> 0 | B121: =B120 -> 24 | C121: 109130015B6 | D121: =VLOOKUP(C121,'DISTRIBUIÇÃO NF4267'!$E$3:$FQ$75,MATCH(B121,'DISTRIBUIÇÃO NF4267'!$E$3:$FQ$3,0)+1,0) -> 0 | F121: =ROUNDUP(SUMIFS(D:D,B:B,B121)/80,0) -> 5
A122: =IF(ISERROR(VLOOKUP(C122,I:I,1,0)),0,1) -> 0 | B122: =B121 -> 24 | C122: 109130019E1 | D122: =VLOOKUP(C122,'DISTRIBUIÇÃO NF4267'!$E$3:$FQ$75,MATCH(B122,'DISTRIBUIÇÃO NF4267'!$E$3:$FQ$3,0)+1,0) -> 0 | F122: =ROUNDUP(SUMIFS(D:D,B:B,B122)/80,0) -> 5
... A163: =IF(ISERROR(VLOOKUP(C163,I:I,1,0)),0,1) -> 0 | B163: =B162 -> 24 | C163: 109130016V6 | D163: =VLOOKUP(C163,'DISTRIBUIÇÃO NF4267'!$E$3:$FQ$75,MATCH(B163,'DISTRIBUIÇÃO NF4267'!$E$3:$FQ$3,0)+1,0) -> 0 | F163: =ROUNDUP(SUMIFS(D:D,B:B,B163)/80,0) -> 5
A164: =IF(ISERROR(VLOOKUP(C164,I:I,1,0)),0,1) -> 0 | B164: BA | C164: 109130016D1 | D164: =VLOOKUP(C164,'DISTRIBUIÇÃO NF4267'!$E$3:$FQ$75,MATCH(B164,'DISTRIBUIÇÃO NF4267'!$E$3:$FQ$3,0)+1,0) -> 0 | F164: =ROUNDUP(SUMIFS(D:D,B:B,B164)/80,0) -> 5
A165: =IF(ISERROR(VLOOKUP(C165,I:I,1,0)),0,1) -> 0 | B165: =B164 -> BA | C165: 109130016D2 | D165: =VLOOKUP(C165,'DISTRIBUIÇÃO NF4267'!$E$3:$FQ$75,MATCH(B165,'DISTRIBUIÇÃO NF4267'!$E$3:$FQ$3,0)+1,0) -> 4 | F165: =ROUNDUP(SUMIFS(D:D,B:B,B165)/80,0) -> 5
A166: =IF(ISERROR(VLOOKUP(C166,I:I,1,0)),0,1) -> 0 | B166: =B165 -> BA | C166: 109130016D3 | D166: =VLOOKUP(C166,'DISTRIBUIÇÃO NF4267'!$E$3:$FQ$75,MATCH(B166,'DISTRIBUIÇÃO NF4267'!$E$3:$FQ$3,0)+1,0) -> 8 | F166: =ROUNDUP(SUMIFS(D:D,B:B,B166)/80,0) -> 5
A167: =IF(ISERROR(VLOOKUP(C167,I:I,1,0)),0,1) -> 0 | B167: =B166 -> BA | C167: 109130016D4 | D167: =VLOOKUP(C167,'DISTRIBUIÇÃO NF4267'!$E$3:$FQ$75,MATCH(B167,'DISTRIBUIÇÃO NF4267'!$E$3:$FQ$3,0)+1,0) -> 4 | F167: =ROUNDUP(SUMIFS(D:D,B:B,B167)/80,0) -> 5
A168: =IF(ISERROR(VLOOKUP(C168,I:I,1,0)),0,1) -> 0 | B168: =B167 -> BA | C168: 109130016D5 | D168: =VLOOKUP(C168,'DISTRIBUIÇÃO NF4267'!$E$3:$FQ$75,MATCH(B168,'DISTRIBUIÇÃO NF4267'!$E$3:$FQ$3,0)+1,0) -> 4 | F168: =ROUNDUP(SUMIFS(D:D,B:B,B168)/80,0) -> 5
A169: =IF(ISERROR(VLOOKUP(C169,I:I,1,0)),0,1) -> 0 | B169: =B168 -> BA | C169: 109130016D6 | D169: =VLOOKUP(C169,'DISTRIBUIÇÃO NF4267'!$E$3:$FQ$75,MATCH(B169,'DISTRIBUIÇÃO NF4267'!$E$3:$FQ$3,0)+1,0) -> 0 | F169: =ROUNDUP(SUMIFS(D:D,B:B,B169)/80,0) -> 5
A170: =IF(ISERROR(VLOOKUP(C170,I:I,1,0)),0,1) -> 0 | B170: =B169 -> BA | C170: 109130015B1 | D170: =VLOOKUP(C170,'DISTRIBUIÇÃO NF4267'!$E$3:$FQ$75,MATCH(B170,'DISTRIBUIÇÃO NF4267'!$E$3:$FQ$3,0)+1,0) -> 0 | F170: =ROUNDUP(SUMIFS(D:D,B:B,B170)/80,0) -> 5
A171: =IF(ISERROR(VLOOKUP(C171,I:I,1,0)),0,1) -> 0 | B171: =B170 -> BA | C171: 109130015B2 | D171: =VLOOKUP(C171,'DISTRIBUIÇÃO NF4267'!$E$3:$FQ$75,MATCH(B171,'DISTRIBUIÇÃO NF4267'!$E$3:$FQ$3,0)+1,0) -> 6 | F171: =ROUNDUP(SUMIFS(D:D,B:B,B171)/80,0) -> 5
A172: =IF(ISERROR(VLOOKUP(C172,I:I,1,0)),0,1) -> 0 | B172: =B171 -> BA | C172: 109130015B3 | D172: =VLOOKUP(C172,'DISTRIBUIÇÃO NF4267'!$E$3:$FQ$75,MATCH(B172,'DISTRIBUIÇÃO NF4267'!$E$3:$FQ$3,0)+1,0) -> 12 | F172: =ROUNDUP(SUMIFS(D:D,B:B,B172)/80,0) -> 5
A173: =IF(ISERROR(VLOOKUP(C173,I:I,1,0)),0,1) -> 0 | B173: =B172 -> BA | C173: 109130015B4 | D173: =VLOOKUP(C173,'DISTRIBUIÇÃO NF4267'!$E$3:$FQ$75,MATCH(B173,'DISTRIBUIÇÃO NF4267'!$E$3:$FQ$3,0)+1,0) -> 6 | F173: =ROUNDUP(SUMIFS(D:D,B:B,B173)/80,0) -> 5
A174: =IF(ISERROR(VLOOKUP(C174,I:I,1,0)),0,1) -> 0 | B174: =B173 -> BA | C174: 109130015B5 | D174: =VLOOKUP(C174,'DISTRIBUIÇÃO NF4267'!$E$3:$FQ$75,MATCH(B174,'DISTRIBUIÇÃO NF4267'!$E$3:$FQ$3,0)+1,0) -> 6 | F174: =ROUNDUP(SUMIFS(D:D,B:B,B174)/80,0) -> 5
A175: =IF(ISERROR(VLOOKUP(C175,I:I,1,0)),0,1) -> 0 | B175: =B174 -> BA | C175: 109130015B6 | D175: =VLOOKUP(C175,'DISTRIBUIÇÃO NF4267'!$E$3:$FQ$75,MATCH(B175,'DISTRIBUIÇÃO NF4267'!$E$3:$FQ$3,0)+1,0) -> 0 | F175: =ROUNDUP(SUMIFS(D:D,B:B,B175)/80,0) -> 5
A176: =IF(ISERROR(VLOOKUP(C176,I:I,1,0)),0,1) -> 0 | B176: =B175 -> BA | C176: 109130019E1 | D176: =VLOOKUP(C176,'DISTRIBUIÇÃO NF4267'!$E$3:$FQ$75,MATCH(B176,'DISTRIBUIÇÃO NF4267'!$E$3:$FQ$3,0)+1,0) -> 0 | F176: =ROUNDUP(SUMIFS(D:D,B:B,B176)/80,0) -> 5
... A217: =IF(ISERROR(VLOOKUP(C217,I:I,1,0)),0,1) -> 0 | B217: =B216 -> BA | C217: 109130016V6 | D217: =VLOOKUP(C217,'DISTRIBUIÇÃO NF4267'!$E$3:$FQ$75,MATCH(B217,'DISTRIBUIÇÃO NF4267'!$E$3:$FQ$3,0)+1,0) -> 0 | F217: =ROUNDUP(SUMIFS(D:D,B:B,B217)/80,0) -> 5
A218: =IF(ISERROR(VLOOKUP(C218,I:I,1,0)),0,1) -> 0 | B218: 35 | C218: 109130016D1 | D218: =VLOOKUP(C218,'DISTRIBUIÇÃO NF4267'!$E$3:$FQ$75,MATCH(B218,'DISTRIBUIÇÃO NF4267'!$E$3:$FQ$3,0)+1,0) -> 0 | F218: =ROUNDUP(SUMIFS(D:D,B:B,B218)/80,0) -> 5
A219: =IF(ISERROR(VLOOKUP(C219,I:I,1,0)),0,1) -> 0 | B219: =B218 -> 35 | C219: 109130016D2 | D219: =VLOOKUP(C219,'DISTRIBUIÇÃO NF4267'!$E$3:$FQ$75,MATCH(B219,'DISTRIBUIÇÃO NF4267'!$E$3:$FQ$3,0)+1,0) -> 4 | F219: =ROUNDUP(SUMIFS(D:D,B:B,B219)/80,0) -> 5
A220: =IF(ISERROR(VLOOKUP(C220,I:I,1,0)),0,1) -> 0 | B220: =B219 -> 35 | C220: 109130016D3 | D220: =VLOOKUP(C220,'DISTRIBUIÇÃO NF4267'!$E$3:$FQ$75,MATCH(B220,'DISTRIBUIÇÃO NF4267'!$E$3:$FQ$3,0)+1,0) -> 8 | F220: =ROUNDUP(SUMIFS(D:D,B:B,B220)/80,0) -> 5
A221: =IF(ISERROR(VLOOKUP(C221,I:I,1,0)),0,1) -> 0 | B221: =B220 -> 35 | C221: 109130016D4 | D221: =VLOOKUP(C221,'DISTRIBUIÇÃO NF4267'!$E$3:$FQ$75,MATCH(B221,'DISTRIBUIÇÃO NF4267'!$E$3:$FQ$3,0)+1,0) -> 4 | F221: =ROUNDUP(SUMIFS(D:D,B:B,B221)/80,0) -> 5
A222: =IF(ISERROR(VLOOKUP(C222,I:I,1,0)),0,1) -> 0 | B222: =B221 -> 35 | C222: 109130016D5 | D222: =VLOOKUP(C222,'DISTRIBUIÇÃO NF4267'!$E$3:$FQ$75,MATCH(B222,'DISTRIBUIÇÃO NF4267'!$E$3:$FQ$3,0)+1,0) -> 4 | F222: =ROUNDUP(SUMIFS(D:D,B:B,B222)/80,0) -> 5
A223: =IF(ISERROR(VLOOKUP(C223,I:I,1,0)),0,1) -> 0 | B223: =B222 -> 35 | C223: 109130016D6 | D223: =VLOOKUP(C223,'DISTRIBUIÇÃO NF4267'!$E$3:$FQ$75,MATCH(B223,'DISTRIBUIÇÃO NF4267'!$E$3:$FQ$3,0)+1,0) -> 0 | F223: =ROUNDUP(SUMIFS(D:D,B:B,B223)/80,0) -> 5
A224: =IF(ISERROR(VLOOKUP(C224,I:I,1,0)),0,1) -> 0 | B224: =B223 -> 35 | C224: 109130015B1 | D224: =VLOOKUP(C224,'DISTRIBUIÇÃO NF4267'!$E$3:$FQ$75,MATCH(B224,'DISTRIBUIÇÃO NF4267'!$E$3:$FQ$3,0)+1,0) -> 0 | F224: =ROUNDUP(SUMIFS(D:D,B:B,B224)/80,0) -> 5
A225: =IF(ISERROR(VLOOKUP(C225,I:I,1,0)),0,1) -> 0 | B225: =B224 -> 35 | C225: 109130015B2 | D225: =VLOOKUP(C225,'DISTRIBUIÇÃO NF4267'!$E$3:$FQ$75,MATCH(B225,'DISTRIBUIÇÃO NF4267'!$E$3:$FQ$3,0)+1,0) -> 6 | F225: =ROUNDUP(SUMIFS(D:D,B:B,B225)/80,0) -> 5
A226: =IF(ISERROR(VLOOKUP(C226,I:I,1,0)),0,1) -> 0 | B226: =B225 -> 35 | C226: 109130015B3 | D226: =VLOOKUP(C226,'DISTRIBUIÇÃO NF4267'!$E$3:$FQ$75,MATCH(B226,'DISTRIBUIÇÃO NF4267'!$E$3:$FQ$3,0)+1,0) -> 12 | F226: =ROUNDUP(SUMIFS(D:D,B:B,B226)/80,0) -> 5
A227: =IF(ISERROR(VLOOKUP(C227,I:I,1,0)),0,1) -> 0 | B227: =B226 -> 35 | C227: 109130015B4 | D227: =VLOOKUP(C227,'DISTRIBUIÇÃO NF4267'!$E$3:$FQ$75,MATCH(B227,'DISTRIBUIÇÃO NF4267'!$E$3:$FQ$3,0)+1,0) -> 6 | F227: =ROUNDUP(SUMIFS(D:D,B:B,B227)/80,0) -> 5
A228: =IF(ISERROR(VLOOKUP(C228,I:I,1,0)),0,1) -> 0 | B228: =B227 -> 35 | C228: 109130015B5 | D228: =VLOOKUP(C228,'DISTRIBUIÇÃO NF4267'!$E$3:$FQ$75,MATCH(B228,'DISTRIBUIÇÃO NF4267'!$E$3:$FQ$3,0)+1,0) -> 6 | F228: =ROUNDUP(SUMIFS(D:D,B:B,B228)/80,0) -> 5
A229: =IF(ISERROR(VLOOKUP(C229,I:I,1,0)),0,1) -> 0 | B229: =B228 -> 35 | C229: 109130015B6 | D229: =VLOOKUP(C229,'DISTRIBUIÇÃO NF4267'!$E$3:$FQ$75,MATCH(B229,'DISTRIBUIÇÃO NF4267'!$E$3:$FQ$3,0)+1,0) -> 0 | F229: =ROUNDUP(SUMIFS(D:D,B:B,B229)/80,0) -> 5
A230: =IF(ISERROR(VLOOKUP(C230,I:I,1,0)),0,1) -> 0 | B230: =B229 -> 35 | C230: 109130019E1 | D230: =VLOOKUP(C230,'DISTRIBUIÇÃO NF4267'!$E$3:$FQ$75,MATCH(B230,'DISTRIBUIÇÃO NF4267'!$E$3:$FQ$3,0)+1,0) -> 0 | F230: =ROUNDUP(SUMIFS(D:D,B:B,B230)/80,0) -> 5
... A271: =IF(ISERROR(VLOOKUP(C271,I:I,1,0)),0,1) -> 0 | B271: =B270 -> 35 | C271: 109130016V6 | D271: =VLOOKUP(C271,'DISTRIBUIÇÃO NF4267'!$E$3:$FQ$75,MATCH(B271,'DISTRIBUIÇÃO NF4267'!$E$3:$FQ$3,0)+1,0) -> 0 | F271: =ROUNDUP(SUMIFS(D:D,B:B,B271)/80,0) -> 5
A272: =IF(ISERROR(VLOOKUP(C272,I:I,1,0)),0,1) -> 0 | B272: 25 | C272: 109130016D1 | D272: =VLOOKUP(C272,'DISTRIBUIÇÃO NF4267'!$E$3:$FQ$75,MATCH(B272,'DISTRIBUIÇÃO NF4267'!$E$3:$FQ$3,0)+1,0) -> 0 | F272: =ROUNDUP(SUMIFS(D:D,B:B,B272)/80,0) -> 5
A273: =IF(ISERROR(VLOOKUP(C273,I:I,1,0)),0,1) -> 0 | B273: =B272 -> 25 | C273: 109130016D2 | D273: =VLOOKUP(C273,'DISTRIBUIÇÃO NF4267'!$E$3:$FQ$75,MATCH(B273,'DISTRIBUIÇÃO NF4267'!$E$3:$FQ$3,0)+1,0) -> 4 | F273: =ROUNDUP(SUMIFS(D:D,B:B,B273)/80,0) -> 5
A274: =IF(ISERROR(VLOOKUP(C274,I:I,1,0)),0,1) -> 0 | B274: =B273 -> 25 | C274: 109130016D3 | D274: =VLOOKUP(C274,'DISTRIBUIÇÃO NF4267'!$E$3:$FQ$75,MATCH(B274,'DISTRIBUIÇÃO NF4267'!$E$3:$FQ$3,0)+1,0) -> 8 | F274: =ROUNDUP(SUMIFS(D:D,B:B,B274)/80,0) -> 5
A275: =IF(ISERROR(VLOOKUP(C275,I:I,1,0)),0,1) -> 0 | B275: =B274 -> 25 | C275: 109130016D4 | D275: =VLOOKUP(C275,'DISTRIBUIÇÃO NF4267'!$E$3:$FQ$75,MATCH(B275,'DISTRIBUIÇÃO NF4267'!$E$3:$FQ$3,0)+1,0) -> 4 | F275: =ROUNDUP(SUMIFS(D:D,B:B,B275)/80,0) -> 5
A276: =IF(ISERROR(VLOOKUP(C276,I:I,1,0)),0,1) -> 0 | B276: =B275 -> 25 | C276: 109130016D5 | D276: =VLOOKUP(C276,'DISTRIBUIÇÃO NF4267'!$E$3:$FQ$75,MATCH(B276,'DISTRIBUIÇÃO NF4267'!$E$3:$FQ$3,0)+1,0) -> 4 | F276: =ROUNDUP(SUMIFS(D:D,B:B,B276)/80,0) -> 5
A277: =IF(ISERROR(VLOOKUP(C277,I:I,1,0)),0,1) -> 0 | B277: =B276 -> 25 | C277: 109130016D6 | D277: =VLOOKUP(C277,'DISTRIBUIÇÃO NF4267'!$E$3:$FQ$75,MATCH(B277,'DISTRIBUIÇÃO NF4267'!$E$3:$FQ$3,0)+1,0) -> 0 | F277: =ROUNDUP(SUMIFS(D:D,B:B,B277)/80,0) -> 5
A278: =IF(ISERROR(VLOOKUP(C278,I:I,1,0)),0,1) -> 0 | B278: =B277 -> 25 | C278: 109130015B1 | D278: =VLOOKUP(C278,'DISTRIBUIÇÃO NF4267'!$E$3:$FQ$75,MATCH(B278,'DISTRIBUIÇÃO NF4267'!$E$3:$FQ$3,0)+1,0) -> 0 | F278: =ROUNDUP(SUMIFS(D:D,B:B,B278)/80,0) -> 5
A279: =IF(ISERROR(VLOOKUP(C279,I:I,1,0)),0,1) -> 0 | B279: =B278 -> 25 | C279: 109130015B2 | D279: =VLOOKUP(C279,'DISTRIBUIÇÃO NF4267'!$E$3:$FQ$75,MATCH(B279,'DISTRIBUIÇÃO NF4267'!$E$3:$FQ$3,0)+1,0) -> 6 | F279: =ROUNDUP(SUMIFS(D:D,B:B,B279)/80,0) -> 5
A280: =IF(ISERROR(VLOOKUP(C280,I:I,1,0)),0,1) -> 0 | B280: =B279 -> 25 | C280: 109130015B3 | D280: =VLOOKUP(C280,'DISTRIBUIÇÃO NF4267'!$E$3:$FQ$75,MATCH(B280,'DISTRIBUIÇÃO NF4267'!$E$3:$FQ$3,0)+1,0) -> 12 | F280: =ROUNDUP(SUMIFS(D:D,B:B,B280)/80,0) -> 5
A281: =IF(ISERROR(VLOOKUP(C281,I:I,1,0)),0,1) -> 0 | B281: =B280 -> 25 | C281: 109130015B4 | D281: =VLOOKUP(C281,'DISTRIBUIÇÃO NF4267'!$E$3:$FQ$75,MATCH(B281,'DISTRIBUIÇÃO NF4267'!$E$3:$FQ$3,0)+1,0) -> 6 | F281: =ROUNDUP(SUMIFS(D:D,B:B,B281)/80,0) -> 5
A282: =IF(ISERROR(VLOOKUP(C282,I:I,1,0)),0,1) -> 0 | B282: =B281 -> 25 | C282: 109130015B5 | D282: =VLOOKUP(C282,'DISTRIBUIÇÃO NF4267'!$E$3:$FQ$75,MATCH(B282,'DISTRIBUIÇÃO NF4267'!$E$3:$FQ$3,0)+1,0) -> 6 | F282: =ROUNDUP(SUMIFS(D:D,B:B,B282)/80,0) -> 5
A283: =IF(ISERROR(VLOOKUP(C283,I:I,1,0)),0,1) -> 0 | B283: =B282 -> 25 | C283: 109130015B6 | D283: =VLOOKUP(C283,'DISTRIBUIÇÃO NF4267'!$E$3:$FQ$75,MATCH(B283,'DISTRIBUIÇÃO NF4267'!$E$3:$FQ$3,0)+1,0) -> 0 | F283: =ROUNDUP(SUMIFS(D:D,B:B,B283)/80,0) -> 5
A284: =IF(ISERROR(VLOOKUP(C284,I:I,1,0)),0,1) -> 0 | B284: =B283 -> 25 | C284: 109130019E1 | D284: =VLOOKUP(C284,'DISTRIBUIÇÃO NF4267'!$E$3:$FQ$75,MATCH(B284,'DISTRIBUIÇÃO NF4267'!$E$3:$FQ$3,0)+1,0) -> 0 | F284: =ROUNDUP(SUMIFS(D:D,B:B,B284)/80,0) -> 5
... A325: =IF(ISERROR(VLOOKUP(C325,I:I,1,0)),0,1) -> 0 | B325: =B324 -> 25 | C325: 109130016V6 | D325: =VLOOKUP(C325,'DISTRIBUIÇÃO NF4267'!$E$3:$FQ$75,MATCH(B325,'DISTRIBUIÇÃO NF4267'!$E$3:$FQ$3,0)+1,0) -> 0 | F325: =ROUNDUP(SUMIFS(D:D,B:B,B325)/80,0) -> 5
A326: =IF(ISERROR(VLOOKUP(C326,I:I,1,0)),0,1) -> 0 | B326: 48 | C326: 109130016D1 | D326: =VLOOKUP(C326,'DISTRIBUIÇÃO NF4267'!$E$3:$FQ$75,MATCH(B326,'DISTRIBUIÇÃO NF4267'!$E$3:$FQ$3,0)+1,0) -> 0 | F326: =ROUNDUP(SUMIFS(D:D,B:B,B326)/80,0) -> 5
A327: =IF(ISERROR(VLOOKUP(C327,I:I,1,0)),0,1) -> 0 | B327: =B326 -> 48 | C327: 109130016D2 | D327: =VLOOKUP(C327,'DISTRIBUIÇÃO NF4267'!$E$3:$FQ$75,MATCH(B327,'DISTRIBUIÇÃO NF4267'!$E$3:$FQ$3,0)+1,0) -> 4 | F327: =ROUNDUP(SUMIFS(D:D,B:B,B327)/80,0) -> 5
A328: =IF(ISERROR(VLOOKUP(C328,I:I,1,0)),0,1) -> 0 | B328: =B327 -> 48 | C328: 109130016D3 | D328: =VLOOKUP(C328,'DISTRIBUIÇÃO NF4267'!$E$3:$FQ$75,MATCH(B328,'DISTRIBUIÇÃO NF4267'!$E$3:$FQ$3,0)+1,0) -> 8 | F328: =ROUNDUP(SUMIFS(D:D,B:B,B328)/80,0) -> 5
A329: =IF(ISERROR(VLOOKUP(C329,I:I,1,0)),0,1) -> 0 | B329: =B328 -> 48 | C329: 109130016D4 | D329: =VLOOKUP(C329,'DISTRIBUIÇÃO NF4267'!$E$3:$FQ$75,MATCH(B329,'DISTRIBUIÇÃO NF4267'!$E$3:$FQ$3,0)+1,0) -> 4 | F329: =ROUNDUP(SUMIFS(D:D,B:B,B329)/80,0) -> 5
A330: =IF(ISERROR(VLOOKUP(C330,I:I,1,0)),0,1) -> 0 | B330: =B329 -> 48 | C330: 109130016D5 | D330: =VLOOKUP(C330,'DISTRIBUIÇÃO NF4267'!$E$3:$FQ$75,MATCH(B330,'DISTRIBUIÇÃO NF4267'!$E$3:$FQ$3,0)+1,0) -> 4 | F330: =ROUNDUP(SUMIFS(D:D,B:B,B330)/80,0) -> 5
A331: =IF(ISERROR(VLOOKUP(C331,I:I,1,0)),0,1) -> 0 | B331: =B330 -> 48 | C331: 109130016D6 | D331: =VLOOKUP(C331,'DISTRIBUIÇÃO NF4267'!$E$3:$FQ$75,MATCH(B331,'DISTRIBUIÇÃO NF4267'!$E$3:$FQ$3,0)+1,0) -> 0 | F331: =ROUNDUP(SUMIFS(D:D,B:B,B331)/80,0) -> 5
A332: =IF(ISERROR(VLOOKUP(C332,I:I,1,0)),0,1) -> 0 | B332: =B331 -> 48 | C332: 109130015B1 | D332: =VLOOKUP(C332,'DISTRIBUIÇÃO NF4267'!$E$3:$FQ$75,MATCH(B332,'DISTRIBUIÇÃO NF4267'!$E$3:$FQ$3,0)+1,0) -> 0 | F332: =ROUNDUP(SUMIFS(D:D,B:B,B332)/80,0) -> 5
A333: =IF(ISERROR(VLOOKUP(C333,I:I,1,0)),0,1) -> 0 | B333: =B332 -> 48 | C333: 109130015B2 | D333: =VLOOKUP(C333,'DISTRIBUIÇÃO NF4267'!$E$3:$FQ$75,MATCH(B333,'DISTRIBUIÇÃO NF4267'!$E$3:$FQ$3,0)+1,0) -> 6 | F333: =ROUNDUP(SUMIFS(D:D,B:B,B333)/80,0) -> 5
A334: =IF(ISERROR(VLOOKUP(C334,I:I,1,0)),0,1) -> 0 | B334: =B333 -> 48 | C334: 109130015B3 | D334: =VLOOKUP(C334,'DISTRIBUIÇÃO NF4267'!$E$3:$FQ$75,MATCH(B334,'DISTRIBUIÇÃO NF4267'!$E$3:$FQ$3,0)+1,0) -> 12 | F334: =ROUNDUP(SUMIFS(D:D,B:B,B334)/80,0) -> 5
A335: =IF(ISERROR(VLOOKUP(C335,I:I,1,0)),0,1) -> 0 | B335: =B334 -> 48 | C335: 109130015B4 | D335: =VLOOKUP(C335,'DISTRIBUIÇÃO NF4267'!$E$3:$FQ$75,MATCH(B335,'DISTRIBUIÇÃO NF4267'!$E$3:$FQ$3,0)+1,0) -> 6 | F335: =ROUNDUP(SUMIFS(D:D,B:B,B335)/80,0) -> 5
A336: =IF(ISERROR(VLOOKUP(C336,I:I,1,0)),0,1) -> 0 | B336: =B335 -> 48 | C336: 109130015B5 | D336: =VLOOKUP(C336,'DISTRIBUIÇÃO NF4267'!$E$3:$FQ$75,MATCH(B336,'DISTRIBUIÇÃO NF4267'!$E$3:$FQ$3,0)+1,0) -> 6 | F336: =ROUNDUP(SUMIFS(D:D,B:B,B336)/80,0) -> 5
A337: =IF(ISERROR(VLOOKUP(C337,I:I,1,0)),0,1) -> 0 | B337: =B336 -> 48 | C337: 109130015B6 | D337: =VLOOKUP(C337,'DISTRIBUIÇÃO NF4267'!$E$3:$FQ$75,MATCH(B337,'DISTRIBUIÇÃO NF4267'!$E$3:$FQ$3,0)+1,0) -> 0 | F337: =ROUNDUP(SUMIFS(D:D,B:B,B337)/80,0) -> 5
A338: =IF(ISERROR(VLOOKUP(C338,I:I,1,0)),0,1) -> 0 | B338: =B337 -> 48 | C338: 109130019E1 | D338: =VLOOKUP(C338,'DISTRIBUIÇÃO NF4267'!$E$3:$FQ$75,MATCH(B338,'DISTRIBUIÇÃO NF4267'!$E$3:$FQ$3,0)+1,0) -> 0 | F338: =ROUNDUP(SUMIFS(D:D,B:B,B338)/80,0) -> 5
... A379: =IF(ISERROR(VLOOKUP(C379,I:I,1,0)),0,1) -> 0 | B379: =B378 -> 48 | C379: 109130016V6 | D379: =VLOOKUP(C379,'DISTRIBUIÇÃO NF4267'!$E$3:$FQ$75,MATCH(B379,'DISTRIBUIÇÃO NF4267'!$E$3:$FQ$3,0)+1,0) -> 0 | F379: =ROUNDUP(SUMIFS(D:D,B:B,B379)/80,0) -> 5
...

Sheet faturamento
A2: LOJA | B2: STATUS LOJA | C2: VIA | D2: OBS
A3: DH | B3: ATIVA - SEM CNPJ | C3: via 13 | D3: carga especial
A4: KH | B4: ATIVA - SEM CNPJ | C4: via 92 | D4: carga especial
A5: GJ | B5: ATIVA - SEM CNPJ | C5: VIA 44 | D5: carga especial
A6: KD | B6: ATIVA - SEM CNPJ | C6: via k6 | D6: carga especial
